schedule_family,scheduler,n_steps,dataset_group,size_group,scheduler_label,scheduler_variant_label,metric,metric_label,direction,mean,ci95,n
condmarg,entropic,5,All,All,Entropic,Entropic · cond-marg,plddt_mean,pLDDT,higher,97.45792131106059,0.18998138024838265,600
condmarg,entropic,5,All,All,Entropic,Entropic · cond-marg,diversity,Diversity,higher,3.40221031387647,0.29984766743101043,600
condmarg,entropic,5,All,All,Entropic,Entropic · cond-marg,rmsd_mean,Endpoint spread,higher,3.40221031387647,0.29984766743101043,600
condmarg,entropic,5,All,All,Entropic,Entropic · cond-marg,invalid_rate,Invalid rate,lower,0,0,600
condmarg,entropic,5,All,All,Entropic,Entropic · cond-marg,infer_seconds_per_output,Seconds/output,lower,3.8827785528996417,0.3848449647863342,600
condmarg,entropic,5,All,All,Entropic,Entropic · cond-marg,trajectory_plddt_mean_all_frames,Trajectory pLDDT,higher,87.84717422676086,0.7297623408357946,600
condmarg,entropic_log1p,5,All,All,Entropic-log1p,Entropic-log1p · cond-marg,plddt_mean,pLDDT,higher,94.47395291169484,0.38435972342124075,600
condmarg,entropic_log1p,5,All,All,Entropic-log1p,Entropic-log1p · cond-marg,diversity,Diversity,higher,7.363730009496212,0.47224685247512205,600
condmarg,entropic_log1p,5,All,All,Entropic-log1p,Entropic-log1p · cond-marg,rmsd_mean,Endpoint spread,higher,7.363730009496212,0.47224685247512205,600
condmarg,entropic_log1p,5,All,All,Entropic-log1p,Entropic-log1p · cond-marg,invalid_rate,Invalid rate,lower,0,0,600
condmarg,entropic_log1p,5,All,All,Entropic-log1p,Entropic-log1p · cond-marg,infer_seconds_per_output,Seconds/output,lower,3.8808554868599945,0.38453822539365506,600
condmarg,entropic_log1p,5,All,All,Entropic-log1p,Entropic-log1p · cond-marg,trajectory_plddt_mean_all_frames,Trajectory pLDDT,higher,87.00025683720908,0.7508924039713692,600
condmarg,entropic,10,All,All,Entropic,Entropic · cond-marg,plddt_mean,pLDDT,higher,87.62521876811981,0.8434683927398968,600
condmarg,entropic,10,All,All,Entropic,Entropic · cond-marg,diversity,Diversity,higher,3.732925458128254,0.35310199785033164,600
condmarg,entropic,10,All,All,Entropic,Entropic · cond-marg,rmsd_mean,Endpoint spread,higher,3.732925458128254,0.35310199785033164,600
condmarg,entropic,10,All,All,Entropic,Entropic · cond-marg,invalid_rate,Invalid rate,lower,0,0,600
condmarg,entropic,10,All,All,Entropic,Entropic · cond-marg,infer_seconds_per_output,Seconds/output,lower,7.76446297001113,0.7681759022818097,600
condmarg,entropic,10,All,All,Entropic,Entropic · cond-marg,trajectory_plddt_mean_all_frames,Trajectory pLDDT,higher,87.74453917487452,0.7461016083642551,600
condmarg,entropic_log1p,10,All,All,Entropic-log1p,Entropic-log1p · cond-marg,plddt_mean,pLDDT,higher,96.94699002901713,0.12533950685447162,600
condmarg,entropic_log1p,10,All,All,Entropic-log1p,Entropic-log1p · cond-marg,diversity,Diversity,higher,8.594248299002647,0.518013907805236,600
condmarg,entropic_log1p,10,All,All,Entropic-log1p,Entropic-log1p · cond-marg,rmsd_mean,Endpoint spread,higher,8.594248299002647,0.518013907805236,600
condmarg,entropic_log1p,10,All,All,Entropic-log1p,Entropic-log1p · cond-marg,invalid_rate,Invalid rate,lower,0,0,600
condmarg,entropic_log1p,10,All,All,Entropic-log1p,Entropic-log1p · cond-marg,infer_seconds_per_output,Seconds/output,lower,7.754331269971832,0.7685012159515817,600
condmarg,entropic_log1p,10,All,All,Entropic-log1p,Entropic-log1p · cond-marg,trajectory_plddt_mean_all_frames,Trajectory pLDDT,higher,88.63550723203025,0.6544406630205483,600
condmarg,entropic,25,All,All,Entropic,Entropic · cond-marg,plddt_mean,pLDDT,higher,85.86007289727529,0.9565448586618432,600
condmarg,entropic,25,All,All,Entropic,Entropic · cond-marg,diversity,Diversity,higher,2.1639406273917605,0.24139303127355963,600
condmarg,entropic,25,All,All,Entropic,Entropic · cond-marg,rmsd_mean,Endpoint spread,higher,2.1639406273917605,0.24139303127355963,600
condmarg,entropic,25,All,All,Entropic,Entropic · cond-marg,invalid_rate,Invalid rate,lower,0,0,600
condmarg,entropic,25,All,All,Entropic,Entropic · cond-marg,infer_seconds_per_output,Seconds/output,lower,19.41413198203295,1.9215334640813706,600
condmarg,entropic,25,All,All,Entropic,Entropic · cond-marg,trajectory_plddt_mean_all_frames,Trajectory pLDDT,higher,87.41354895108545,0.7962923572201489,600
condmarg,entropic_log1p,25,All,All,Entropic-log1p,Entropic-log1p · cond-marg,plddt_mean,pLDDT,higher,97.1686583296458,0.0754589068392268,600
condmarg,entropic_log1p,25,All,All,Entropic-log1p,Entropic-log1p · cond-marg,diversity,Diversity,higher,9.45949113547802,0.546359549044993,600
condmarg,entropic_log1p,25,All,All,Entropic-log1p,Entropic-log1p · cond-marg,rmsd_mean,Endpoint spread,higher,9.45949113547802,0.546359549044993,600
condmarg,entropic_log1p,25,All,All,Entropic-log1p,Entropic-log1p · cond-marg,invalid_rate,Invalid rate,lower,0,0,600
condmarg,entropic_log1p,25,All,All,Entropic-log1p,Entropic-log1p · cond-marg,infer_seconds_per_output,Seconds/output,lower,19.385453331167035,1.9214887851223919,600
condmarg,entropic_log1p,25,All,All,Entropic-log1p,Entropic-log1p · cond-marg,trajectory_plddt_mean_all_frames,Trajectory pLDDT,higher,89.39547732747394,0.5705758922724176,600
condmarg,entropic,5,All,Short,Entropic,Entropic · cond-marg,plddt_mean,pLDDT,higher,95.05736652721058,1.1229664880002859,55
condmarg,entropic,5,All,Short,Entropic,Entropic · cond-marg,diversity,Diversity,higher,2.9869492693380875,0.7825902360801212,55
condmarg,entropic,5,All,Short,Entropic,Entropic · cond-marg,rmsd_mean,Endpoint spread,higher,2.9869492693380875,0.7825902360801212,55
condmarg,entropic,5,All,Short,Entropic,Entropic · cond-marg,invalid_rate,Invalid rate,lower,0,0,55
condmarg,entropic,5,All,Short,Entropic,Entropic · cond-marg,infer_seconds_per_output,Seconds/output,lower,0.7887681504584511,0.006061058622072544,55
condmarg,entropic,5,All,Short,Entropic,Entropic · cond-marg,trajectory_plddt_mean_all_frames,Trajectory pLDDT,higher,80.56400545640422,2.6224238960306,55
condmarg,entropic_log1p,5,All,Short,Entropic-log1p,Entropic-log1p · cond-marg,plddt_mean,pLDDT,higher,92.07973129966042,1.515317930904985,55
condmarg,entropic_log1p,5,All,Short,Entropic-log1p,Entropic-log1p · cond-marg,diversity,Diversity,higher,5.34655342318795,0.8272720974513678,55
condmarg,entropic_log1p,5,All,Short,Entropic-log1p,Entropic-log1p · cond-marg,rmsd_mean,Endpoint spread,higher,5.34655342318795,0.8272720974513678,55
condmarg,entropic_log1p,5,All,Short,Entropic-log1p,Entropic-log1p · cond-marg,invalid_rate,Invalid rate,lower,0,0,55
condmarg,entropic_log1p,5,All,Short,Entropic-log1p,Entropic-log1p · cond-marg,infer_seconds_per_output,Seconds/output,lower,0.7836883506166156,0.0055204706106106605,55
condmarg,entropic_log1p,5,All,Short,Entropic-log1p,Entropic-log1p · cond-marg,trajectory_plddt_mean_all_frames,Trajectory pLDDT,higher,80.07283220464535,2.7240806253044285,55
condmarg,entropic,10,All,Short,Entropic,Entropic · cond-marg,plddt_mean,pLDDT,higher,78.7910000887784,3.4239296219671616,55
condmarg,entropic,10,All,Short,Entropic,Entropic · cond-marg,diversity,Diversity,higher,2.765488972447135,0.7444416705174339,55
condmarg,entropic,10,All,Short,Entropic,Entropic · cond-marg,rmsd_mean,Endpoint spread,higher,2.765488972447135,0.7444416705174339,55
condmarg,entropic,10,All,Short,Entropic,Entropic · cond-marg,invalid_rate,Invalid rate,lower,0,0,55
condmarg,entropic,10,All,Short,Entropic,Entropic · cond-marg,infer_seconds_per_output,Seconds/output,lower,1.5772770233473488,0.0103737752598058,55
condmarg,entropic,10,All,Short,Entropic,Entropic · cond-marg,trajectory_plddt_mean_all_frames,Trajectory pLDDT,higher,79.49997593793002,2.8472167755973237,55
condmarg,entropic_log1p,10,All,Short,Entropic-log1p,Entropic-log1p · cond-marg,plddt_mean,pLDDT,higher,96.06936472112483,0.618757886981108,55
condmarg,entropic_log1p,10,All,Short,Entropic-log1p,Entropic-log1p · cond-marg,diversity,Diversity,higher,6.118948758732189,0.9009831016311564,55
condmarg,entropic_log1p,10,All,Short,Entropic-log1p,Entropic-log1p · cond-marg,rmsd_mean,Endpoint spread,higher,6.118948758732189,0.9009831016311564,55
condmarg,entropic_log1p,10,All,Short,Entropic-log1p,Entropic-log1p · cond-marg,invalid_rate,Invalid rate,lower,0,0,55
condmarg,entropic_log1p,10,All,Short,Entropic-log1p,Entropic-log1p · cond-marg,infer_seconds_per_output,Seconds/output,lower,1.5707606736507098,0.010875874799942124,55
condmarg,entropic_log1p,10,All,Short,Entropic-log1p,Entropic-log1p · cond-marg,trajectory_plddt_mean_all_frames,Trajectory pLDDT,higher,82.00081666599618,2.477462193220121,55
condmarg,entropic,25,All,Short,Entropic,Entropic · cond-marg,plddt_mean,pLDDT,higher,75.45127690055153,3.809710817314683,55
condmarg,entropic,25,All,Short,Entropic,Entropic · cond-marg,diversity,Diversity,higher,1.2682001842355186,0.45876464120531213,55
condmarg,entropic,25,All,Short,Entropic,Entropic · cond-marg,rmsd_mean,Endpoint spread,higher,1.2682001842355186,0.45876464120531213,55
condmarg,entropic,25,All,Short,Entropic,Entropic · cond-marg,invalid_rate,Invalid rate,lower,0,0,55
condmarg,entropic,25,All,Short,Entropic,Entropic · cond-marg,infer_seconds_per_output,Seconds/output,lower,3.9667676857228136,0.02745383772703875,55
condmarg,entropic,25,All,Short,Entropic,Entropic · cond-marg,trajectory_plddt_mean_all_frames,Trajectory pLDDT,higher,78.41389845969462,3.0443499031748287,55
condmarg,entropic_log1p,25,All,Short,Entropic-log1p,Entropic-log1p · cond-marg,plddt_mean,pLDDT,higher,96.23845790516246,0.44260239089640185,55
condmarg,entropic_log1p,25,All,Short,Entropic-log1p,Entropic-log1p · cond-marg,diversity,Diversity,higher,6.8413370695981115,0.9760439160020208,55
condmarg,entropic_log1p,25,All,Short,Entropic-log1p,Entropic-log1p · cond-marg,rmsd_mean,Endpoint spread,higher,6.8413370695981115,0.9760439160020208,55
condmarg,entropic_log1p,25,All,Short,Entropic-log1p,Entropic-log1p · cond-marg,invalid_rate,Invalid rate,lower,0,0,55
condmarg,entropic_log1p,25,All,Short,Entropic-log1p,Entropic-log1p · cond-marg,infer_seconds_per_output,Seconds/output,lower,3.923125439003872,0.02640407425830842,55
condmarg,entropic_log1p,25,All,Short,Entropic-log1p,Entropic-log1p · cond-marg,trajectory_plddt_mean_all_frames,Trajectory pLDDT,higher,83.44400226523659,2.2041202039417724,55
condmarg,entropic,5,All,Medium,Entropic,Entropic · cond-marg,plddt_mean,pLDDT,higher,97.62081460107731,0.21807646145346266,395
condmarg,entropic,5,All,Medium,Entropic,Entropic · cond-marg,diversity,Diversity,higher,3.0742089514490925,0.3465009028736846,395
condmarg,entropic,5,All,Medium,Entropic,Entropic · cond-marg,rmsd_mean,Endpoint spread,higher,3.0742089514490925,0.3465009028736846,395
condmarg,entropic,5,All,Medium,Entropic,Entropic · cond-marg,invalid_rate,Invalid rate,lower,0,0,395
condmarg,entropic,5,All,Medium,Entropic,Entropic · cond-marg,infer_seconds_per_output,Seconds/output,lower,1.65049036080725,0.09589870310148638,395
condmarg,entropic,5,All,Medium,Entropic,Entropic · cond-marg,trajectory_plddt_mean_all_frames,Trajectory pLDDT,higher,87.95366621234746,0.9666920526282586,395
condmarg,entropic_log1p,5,All,Medium,Entropic-log1p,Entropic-log1p · cond-marg,plddt_mean,pLDDT,higher,94.53325635451304,0.5130002667183567,395
condmarg,entropic_log1p,5,All,Medium,Entropic-log1p,Entropic-log1p · cond-marg,diversity,Diversity,higher,6.634120318104949,0.5534141841681491,395
condmarg,entropic_log1p,5,All,Medium,Entropic-log1p,Entropic-log1p · cond-marg,rmsd_mean,Endpoint spread,higher,6.634120318104949,0.5534141841681491,395
condmarg,entropic_log1p,5,All,Medium,Entropic-log1p,Entropic-log1p · cond-marg,invalid_rate,Invalid rate,lower,0,0,395
condmarg,entropic_log1p,5,All,Medium,Entropic-log1p,Entropic-log1p · cond-marg,infer_seconds_per_output,Seconds/output,lower,1.650040595019472,0.09586663415934178,395
condmarg,entropic_log1p,5,All,Medium,Entropic-log1p,Entropic-log1p · cond-marg,trajectory_plddt_mean_all_frames,Trajectory pLDDT,higher,87.08063355457939,0.9953397553383136,395
condmarg,entropic,10,All,Medium,Entropic,Entropic · cond-marg,plddt_mean,pLDDT,higher,87.85458709378786,1.1052552014022026,395
condmarg,entropic,10,All,Medium,Entropic,Entropic · cond-marg,diversity,Diversity,higher,3.5650573054069206,0.4455009049253134,395
condmarg,entropic,10,All,Medium,Entropic,Entropic · cond-marg,rmsd_mean,Endpoint spread,higher,3.5650573054069206,0.4455009049253134,395
condmarg,entropic,10,All,Medium,Entropic,Entropic · cond-marg,invalid_rate,Invalid rate,lower,0,0,395
condmarg,entropic,10,All,Medium,Entropic,Entropic · cond-marg,infer_seconds_per_output,Seconds/output,lower,3.304506192117623,0.1915963731722927,395
condmarg,entropic,10,All,Medium,Entropic,Entropic · cond-marg,trajectory_plddt_mean_all_frames,Trajectory pLDDT,higher,87.953823339245,0.9737457717020745,395
condmarg,entropic_log1p,10,All,Medium,Entropic-log1p,Entropic-log1p · cond-marg,plddt_mean,pLDDT,higher,97.2462534554397,0.15347939355145693,395
condmarg,entropic_log1p,10,All,Medium,Entropic-log1p,Entropic-log1p · cond-marg,diversity,Diversity,higher,7.7480786767187,0.5852913255262988,395
condmarg,entropic_log1p,10,All,Medium,Entropic-log1p,Entropic-log1p · cond-marg,rmsd_mean,Endpoint spread,higher,7.7480786767187,0.5852913255262988,395
condmarg,entropic_log1p,10,All,Medium,Entropic-log1p,Entropic-log1p · cond-marg,invalid_rate,Invalid rate,lower,0,0,395
condmarg,entropic_log1p,10,All,Medium,Entropic-log1p,Entropic-log1p · cond-marg,infer_seconds_per_output,Seconds/output,lower,3.2918927529897495,0.1915631318635544,395
condmarg,entropic_log1p,10,All,Medium,Entropic-log1p,Entropic-log1p · cond-marg,trajectory_plddt_mean_all_frames,Trajectory pLDDT,higher,88.83742986051344,0.8584515668896519,395
condmarg,entropic,25,All,Medium,Entropic,Entropic · cond-marg,plddt_mean,pLDDT,higher,86.01746783679044,1.250152570530448,395
condmarg,entropic,25,All,Medium,Entropic,Entropic · cond-marg,diversity,Diversity,higher,2.1893832495601115,0.3239778233256583,395
condmarg,entropic,25,All,Medium,Entropic,Entropic · cond-marg,rmsd_mean,Endpoint spread,higher,2.1893832495601115,0.3239778233256583,395
condmarg,entropic,25,All,Medium,Entropic,Entropic · cond-marg,invalid_rate,Invalid rate,lower,0,0,395
condmarg,entropic,25,All,Medium,Entropic,Entropic · cond-marg,infer_seconds_per_output,Seconds/output,lower,8.253663220341448,0.47925678926499193,395
condmarg,entropic,25,All,Medium,Entropic,Entropic · cond-marg,trajectory_plddt_mean_all_frames,Trajectory pLDDT,higher,87.59365844378885,1.0406461004964311,395
condmarg,entropic_log1p,25,All,Medium,Entropic-log1p,Entropic-log1p · cond-marg,plddt_mean,pLDDT,higher,97.59545241730123,0.060633999357598174,395
condmarg,entropic_log1p,25,All,Medium,Entropic-log1p,Entropic-log1p · cond-marg,diversity,Diversity,higher,8.903195521499537,0.6308045750301398,395
condmarg,entropic_log1p,25,All,Medium,Entropic-log1p,Entropic-log1p · cond-marg,rmsd_mean,Endpoint spread,higher,8.903195521499537,0.6308045750301398,395
condmarg,entropic_log1p,25,All,Medium,Entropic-log1p,Entropic-log1p · cond-marg,invalid_rate,Invalid rate,lower,0,0,395
condmarg,entropic_log1p,25,All,Medium,Entropic-log1p,Entropic-log1p · cond-marg,infer_seconds_per_output,Seconds/output,lower,8.230742840816067,0.4794677845360667,395
condmarg,entropic_log1p,25,All,Medium,Entropic-log1p,Entropic-log1p · cond-marg,trajectory_plddt_mean_all_frames,Trajectory pLDDT,higher,89.67191341545015,0.7498085736864096,395
condmarg,entropic,5,All,Large,Entropic,Entropic · cond-marg,plddt_mean,pLDDT,higher,97.90917240142822,0.14188480188338803,150
condmarg,entropic,5,All,Large,Entropic,Entropic · cond-marg,diversity,Diversity,higher,4.418209617932638,0.7020038745030929,150
condmarg,entropic,5,All,Large,Entropic,Entropic · cond-marg,rmsd_mean,Endpoint spread,higher,4.418209617932638,0.7020038745030929,150
condmarg,entropic,5,All,Large,Entropic,Entropic · cond-marg,invalid_rate,Invalid rate,lower,0,0,150
condmarg,entropic,5,All,Large,Entropic,Entropic · cond-marg,infer_seconds_per_output,Seconds/output,lower,10.895607939638042,0.7878914467079551,150
condmarg,entropic,5,All,Large,Entropic,Entropic · cond-marg,trajectory_plddt_mean_all_frames,Trajectory pLDDT,higher,90.23724054718016,0.7022728054869173,150
condmarg,entropic_log1p,5,All,Large,Entropic-log1p,Entropic-log1p · cond-marg,plddt_mean,pLDDT,higher,95.1956684366862,0.41242771707165193,150
condmarg,entropic_log1p,5,All,Large,Entropic-log1p,Entropic-log1p · cond-marg,diversity,Diversity,higher,10.024666945139566,1.0514236595947273,150
condmarg,entropic_log1p,5,All,Large,Entropic-log1p,Entropic-log1p · cond-marg,rmsd_mean,Endpoint spread,higher,10.024666945139566,1.0514236595947273,150
condmarg,entropic_log1p,5,All,Large,Entropic-log1p,Entropic-log1p · cond-marg,invalid_rate,Invalid rate,lower,0,0,150
condmarg,entropic_log1p,5,All,Large,Entropic-log1p,Entropic-log1p · cond-marg,infer_seconds_per_output,Seconds/output,lower,10.890962651995942,0.7862998569131245,150
condmarg,entropic_log1p,5,All,Large,Entropic-log1p,Entropic-log1p · cond-marg,trajectory_plddt_mean_all_frames,Trajectory pLDDT,higher,89.32865384674072,0.7670049097832187,150
condmarg,entropic,10,All,Large,Entropic,Entropic · cond-marg,plddt_mean,pLDDT,higher,90.2604290262858,0.6750918435672607,150
condmarg,entropic,10,All,Large,Entropic,Entropic · cond-marg,diversity,Diversity,higher,4.529704971710841,0.7225982012432028,150
condmarg,entropic,10,All,Large,Entropic,Entropic · cond-marg,rmsd_mean,Endpoint spread,higher,4.529704971710841,0.7225982012432028,150
condmarg,entropic,10,All,Large,Entropic,Entropic · cond-marg,invalid_rate,Invalid rate,lower,0,0,150
condmarg,entropic,10,All,Large,Entropic,Entropic · cond-marg,infer_seconds_per_output,Seconds/output,lower,21.777650665574086,1.567834332728665,150
condmarg,entropic,10,All,Large,Entropic,Entropic · cond-marg,trajectory_plddt_mean_all_frames,Trajectory pLDDT,higher,90.21643072891237,0.6846005590162488,150
condmarg,entropic_log1p,10,All,Large,Entropic-log1p,Entropic-log1p · cond-marg,plddt_mean,pLDDT,higher,96.4807256189982,0.1369449095412121,150
condmarg,entropic_log1p,10,All,Large,Entropic-log1p,Entropic-log1p · cond-marg,diversity,Diversity,higher,11.730104802449544,1.2090032750034865,150
condmarg,entropic_log1p,10,All,Large,Entropic-log1p,Entropic-log1p · cond-marg,rmsd_mean,Endpoint spread,higher,11.730104802449544,1.2090032750034865,150
condmarg,entropic_log1p,10,All,Large,Entropic-log1p,Entropic-log1p · cond-marg,invalid_rate,Invalid rate,lower,0,0,150
condmarg,entropic_log1p,10,All,Large,Entropic-log1p,Entropic-log1p · cond-marg,infer_seconds_per_output,Seconds/output,lower,21.772728583342396,1.5688800982039972,150
condmarg,entropic_log1p,10,All,Large,Entropic-log1p,Entropic-log1p · cond-marg,trajectory_plddt_mean_all_frames,Trajectory pLDDT,higher,90.53649751790367,0.6541631846092477,150
condmarg,entropic,25,All,Large,Entropic,Entropic · cond-marg,plddt_mean,pLDDT,higher,89.26215808868409,0.7599282414815096,150
condmarg,entropic,25,All,Large,Entropic,Entropic · cond-marg,diversity,Diversity,higher,2.425379884839058,0.4108319076606348,150
condmarg,entropic,25,All,Large,Entropic,Entropic · cond-marg,rmsd_mean,Endpoint spread,higher,2.425379884839058,0.4108319076606348,150
condmarg,entropic,25,All,Large,Entropic,Entropic · cond-marg,invalid_rate,Invalid rate,lower,0,0,150
condmarg,entropic,25,All,Large,Entropic,Entropic · cond-marg,infer_seconds_per_output,Seconds/output,lower,54.46739996313428,3.922022246384013,150
condmarg,entropic,25,All,Large,Entropic,Entropic · cond-marg,trajectory_plddt_mean_all_frames,Trajectory pLDDT,higher,90.2391324671427,0.6709450899767704,150
condmarg,entropic_log1p,25,All,Large,Entropic-log1p,Entropic-log1p · cond-marg,plddt_mean,pLDDT,higher,96.38584072113036,0.059868264070386965,150
condmarg,entropic_log1p,25,All,Large,Entropic-log1p,Entropic-log1p · cond-marg,diversity,Diversity,higher,11.884392743110658,1.2904906275793113,150
condmarg,entropic_log1p,25,All,Large,Entropic-log1p,Entropic-log1p · cond-marg,rmsd_mean,Endpoint spread,higher,11.884392743110658,1.2904906275793113,150
condmarg,entropic_log1p,25,All,Large,Entropic-log1p,Entropic-log1p · cond-marg,invalid_rate,Invalid rate,lower,0,0,150
condmarg,entropic_log1p,25,All,Large,Entropic-log1p,Entropic-log1p · cond-marg,infer_seconds_per_output,Seconds/output,lower,54.429044516217736,3.9242753085630624,150
condmarg,entropic_log1p,25,All,Large,Entropic-log1p,Entropic-log1p · cond-marg,trajectory_plddt_mean_all_frames,Trajectory pLDDT,higher,90.84973648529053,0.5292678829062128,150
condmarg,entropic,5,ATLAS,All,Entropic,Entropic · cond-marg,plddt_mean,pLDDT,higher,97.44592932065328,0.3062110238916462,240
condmarg,entropic,5,ATLAS,All,Entropic,Entropic · cond-marg,diversity,Diversity,higher,3.2843355262031158,0.4614535495491711,240
condmarg,entropic,5,ATLAS,All,Entropic,Entropic · cond-marg,rmsd_mean,Endpoint spread,higher,3.2843355262031158,0.4614535495491711,240
condmarg,entropic,5,ATLAS,All,Entropic,Entropic · cond-marg,invalid_rate,Invalid rate,lower,0,0,240
condmarg,entropic,5,ATLAS,All,Entropic,Entropic · cond-marg,infer_seconds_per_output,Seconds/output,lower,4.44915228150979,0.767467520300692,240
condmarg,entropic,5,ATLAS,All,Entropic,Entropic · cond-marg,trajectory_plddt_mean_all_frames,Trajectory pLDDT,higher,87.41076187849045,1.3241003256880015,240
condmarg,entropic_log1p,5,ATLAS,All,Entropic-log1p,Entropic-log1p · cond-marg,plddt_mean,pLDDT,higher,94.10675216118494,0.7438602226449078,240
condmarg,entropic_log1p,5,ATLAS,All,Entropic-log1p,Entropic-log1p · cond-marg,diversity,Diversity,higher,7.5099919411043325,0.8179668616716876,240
condmarg,entropic_log1p,5,ATLAS,All,Entropic-log1p,Entropic-log1p · cond-marg,rmsd_mean,Endpoint spread,higher,7.5099919411043325,0.8179668616716876,240
condmarg,entropic_log1p,5,ATLAS,All,Entropic-log1p,Entropic-log1p · cond-marg,invalid_rate,Invalid rate,lower,0,0,240
condmarg,entropic_log1p,5,ATLAS,All,Entropic-log1p,Entropic-log1p · cond-marg,infer_seconds_per_output,Seconds/output,lower,4.444398870544683,0.7666088295698059,240
condmarg,entropic_log1p,5,ATLAS,All,Entropic-log1p,Entropic-log1p · cond-marg,trajectory_plddt_mean_all_frames,Trajectory pLDDT,higher,86.52565591573718,1.3532411797306358,240
condmarg,entropic,10,ATLAS,All,Entropic,Entropic · cond-marg,plddt_mean,pLDDT,higher,87.04093505541483,1.5288592234948455,240
condmarg,entropic,10,ATLAS,All,Entropic,Entropic · cond-marg,diversity,Diversity,higher,3.8457996350402635,0.5635558626200212,240
condmarg,entropic,10,ATLAS,All,Entropic,Entropic · cond-marg,rmsd_mean,Endpoint spread,higher,3.8457996350402635,0.5635558626200212,240
condmarg,entropic,10,ATLAS,All,Entropic,Entropic · cond-marg,invalid_rate,Invalid rate,lower,0,0,240
condmarg,entropic,10,ATLAS,All,Entropic,Entropic · cond-marg,infer_seconds_per_output,Seconds/output,lower,8.888682711893246,1.5307851137715,240
condmarg,entropic,10,ATLAS,All,Entropic,Entropic · cond-marg,trajectory_plddt_mean_all_frames,Trajectory pLDDT,higher,87.34139509042107,1.3389687492536106,240
condmarg,entropic_log1p,10,ATLAS,All,Entropic-log1p,Entropic-log1p · cond-marg,plddt_mean,pLDDT,higher,96.96428594589233,0.22708070365307953,240
condmarg,entropic_log1p,10,ATLAS,All,Entropic-log1p,Entropic-log1p · cond-marg,diversity,Diversity,higher,8.676944811145464,0.9130348094037383,240
condmarg,entropic_log1p,10,ATLAS,All,Entropic-log1p,Entropic-log1p · cond-marg,rmsd_mean,Endpoint spread,higher,8.676944811145464,0.9130348094037383,240
condmarg,entropic_log1p,10,ATLAS,All,Entropic-log1p,Entropic-log1p · cond-marg,invalid_rate,Invalid rate,lower,0,0,240
condmarg,entropic_log1p,10,ATLAS,All,Entropic-log1p,Entropic-log1p · cond-marg,infer_seconds_per_output,Seconds/output,lower,8.881932652298808,1.532012083272221,240
condmarg,entropic_log1p,10,ATLAS,All,Entropic-log1p,Entropic-log1p · cond-marg,trajectory_plddt_mean_all_frames,Trajectory pLDDT,higher,88.26605758905409,1.1796958932072066,240
condmarg,entropic,25,ATLAS,All,Entropic,Entropic · cond-marg,plddt_mean,pLDDT,higher,85.22875775098801,1.731633840617101,240
condmarg,entropic,25,ATLAS,All,Entropic,Entropic · cond-marg,diversity,Diversity,higher,2.268205546494573,0.4223812390734034,240
condmarg,entropic,25,ATLAS,All,Entropic,Entropic · cond-marg,rmsd_mean,Endpoint spread,higher,2.268205546494573,0.4223812390734034,240
condmarg,entropic,25,ATLAS,All,Entropic,Entropic · cond-marg,invalid_rate,Invalid rate,lower,0,0,240
condmarg,entropic,25,ATLAS,All,Entropic,Entropic · cond-marg,infer_seconds_per_output,Seconds/output,lower,22.232368384004317,3.8302582144734467,240
condmarg,entropic,25,ATLAS,All,Entropic,Entropic · cond-marg,trajectory_plddt_mean_all_frames,Trajectory pLDDT,higher,86.94485673141486,1.4321793154936853,240
condmarg,entropic_log1p,25,ATLAS,All,Entropic-log1p,Entropic-log1p · cond-marg,plddt_mean,pLDDT,higher,97.27451114654541,0.10497904843045369,240
condmarg,entropic_log1p,25,ATLAS,All,Entropic-log1p,Entropic-log1p · cond-marg,diversity,Diversity,higher,9.76381356914838,0.9704880549383272,240
condmarg,entropic_log1p,25,ATLAS,All,Entropic-log1p,Entropic-log1p · cond-marg,rmsd_mean,Endpoint spread,higher,9.76381356914838,0.9704880549383272,240
condmarg,entropic_log1p,25,ATLAS,All,Entropic-log1p,Entropic-log1p · cond-marg,invalid_rate,Invalid rate,lower,0,0,240
condmarg,entropic_log1p,25,ATLAS,All,Entropic-log1p,Entropic-log1p · cond-marg,infer_seconds_per_output,Seconds/output,lower,22.201413929419264,3.830385382461668,240
condmarg,entropic_log1p,25,ATLAS,All,Entropic-log1p,Entropic-log1p · cond-marg,trajectory_plddt_mean_all_frames,Trajectory pLDDT,higher,89.08972909625372,1.0274188830157291,240
condmarg,entropic,5,ATLAS,Short,Entropic,Entropic · cond-marg,plddt_mean,pLDDT,higher,97.26476249694824,0.07625071517260415,5
condmarg,entropic,5,ATLAS,Short,Entropic,Entropic · cond-marg,diversity,Diversity,higher,1.5961361646652221,0.2906602066550256,5
condmarg,entropic,5,ATLAS,Short,Entropic,Entropic · cond-marg,rmsd_mean,Endpoint spread,higher,1.5961361646652221,0.2906602066550256,5
condmarg,entropic,5,ATLAS,Short,Entropic,Entropic · cond-marg,invalid_rate,Invalid rate,lower,0,0,5
condmarg,entropic,5,ATLAS,Short,Entropic,Entropic · cond-marg,infer_seconds_per_output,Seconds/output,lower,0.7960643141996115,0.02646533170466648,5
condmarg,entropic,5,ATLAS,Short,Entropic,Entropic · cond-marg,trajectory_plddt_mean_all_frames,Trajectory pLDDT,higher,88.12363685607912,0.05317063320916454,5
condmarg,entropic_log1p,5,ATLAS,Short,Entropic-log1p,Entropic-log1p · cond-marg,plddt_mean,pLDDT,higher,95.41878280639648,0.543990473632323,5
condmarg,entropic_log1p,5,ATLAS,Short,Entropic-log1p,Entropic-log1p · cond-marg,diversity,Diversity,higher,4.291916751861573,1.6922633990423859,5
condmarg,entropic_log1p,5,ATLAS,Short,Entropic-log1p,Entropic-log1p · cond-marg,rmsd_mean,Endpoint spread,higher,4.291916751861573,1.6922633990423859,5
condmarg,entropic_log1p,5,ATLAS,Short,Entropic-log1p,Entropic-log1p · cond-marg,invalid_rate,Invalid rate,lower,0,0,5
condmarg,entropic_log1p,5,ATLAS,Short,Entropic-log1p,Entropic-log1p · cond-marg,infer_seconds_per_output,Seconds/output,lower,0.7746645727427677,0.01913491308992068,5
condmarg,entropic_log1p,5,ATLAS,Short,Entropic-log1p,Entropic-log1p · cond-marg,trajectory_plddt_mean_all_frames,Trajectory pLDDT,higher,87.23709114074707,0.422606004670989,5
condmarg,entropic,10,ATLAS,Short,Entropic,Entropic · cond-marg,plddt_mean,pLDDT,higher,85.85757255554199,0.19911956889686713,5
condmarg,entropic,10,ATLAS,Short,Entropic,Entropic · cond-marg,diversity,Diversity,higher,0.9593379735946655,0.24242816368507603,5
condmarg,entropic,10,ATLAS,Short,Entropic,Entropic · cond-marg,rmsd_mean,Endpoint spread,higher,0.9593379735946655,0.24242816368507603,5
condmarg,entropic,10,ATLAS,Short,Entropic,Entropic · cond-marg,invalid_rate,Invalid rate,lower,0,0,5
condmarg,entropic,10,ATLAS,Short,Entropic,Entropic · cond-marg,infer_seconds_per_output,Seconds/output,lower,1.5915130379842595,0.05658239271777402,5
condmarg,entropic,10,ATLAS,Short,Entropic,Entropic · cond-marg,trajectory_plddt_mean_all_frames,Trajectory pLDDT,higher,86.90744083404542,0.20541820246045114,5
condmarg,entropic_log1p,10,ATLAS,Short,Entropic-log1p,Entropic-log1p · cond-marg,plddt_mean,pLDDT,higher,97.65649642944337,0.3262992158136632,5
condmarg,entropic_log1p,10,ATLAS,Short,Entropic-log1p,Entropic-log1p · cond-marg,diversity,Diversity,higher,5.966705799102783,1.3439955441190254,5
condmarg,entropic_log1p,10,ATLAS,Short,Entropic-log1p,Entropic-log1p · cond-marg,rmsd_mean,Endpoint spread,higher,5.966705799102783,1.3439955441190254,5
condmarg,entropic_log1p,10,ATLAS,Short,Entropic-log1p,Entropic-log1p · cond-marg,invalid_rate,Invalid rate,lower,0,0,5
condmarg,entropic_log1p,10,ATLAS,Short,Entropic-log1p,Entropic-log1p · cond-marg,infer_seconds_per_output,Seconds/output,lower,1.5900002553360537,0.05564659829758126,5
condmarg,entropic_log1p,10,ATLAS,Short,Entropic-log1p,Entropic-log1p · cond-marg,trajectory_plddt_mean_all_frames,Trajectory pLDDT,higher,88.33332023620605,0.6386926710671538,5
condmarg,entropic,25,ATLAS,Short,Entropic,Entropic · cond-marg,plddt_mean,pLDDT,higher,84.6212703704834,0.006048808960074767,5
condmarg,entropic,25,ATLAS,Short,Entropic,Entropic · cond-marg,diversity,Diversity,higher,0.08437327444553375,0.0289528136663423,5
condmarg,entropic,25,ATLAS,Short,Entropic,Entropic · cond-marg,rmsd_mean,Endpoint spread,higher,0.08437327444553375,0.0289528136663423,5
condmarg,entropic,25,ATLAS,Short,Entropic,Entropic · cond-marg,invalid_rate,Invalid rate,lower,0,0,5
condmarg,entropic,25,ATLAS,Short,Entropic,Entropic · cond-marg,infer_seconds_per_output,Seconds/output,lower,4.007027286640368,0.14189605787169174,5
condmarg,entropic,25,ATLAS,Short,Entropic,Entropic · cond-marg,trajectory_plddt_mean_all_frames,Trajectory pLDDT,higher,86.1917371673584,0.19400136976323576,5
condmarg,entropic_log1p,25,ATLAS,Short,Entropic-log1p,Entropic-log1p · cond-marg,plddt_mean,pLDDT,higher,97.61112213134766,0.2842044220668883,5
condmarg,entropic_log1p,25,ATLAS,Short,Entropic-log1p,Entropic-log1p · cond-marg,diversity,Diversity,higher,8.464404106140137,1.9945394695416006,5
condmarg,entropic_log1p,25,ATLAS,Short,Entropic-log1p,Entropic-log1p · cond-marg,rmsd_mean,Endpoint spread,higher,8.464404106140137,1.9945394695416006,5
condmarg,entropic_log1p,25,ATLAS,Short,Entropic-log1p,Entropic-log1p · cond-marg,invalid_rate,Invalid rate,lower,0,0,5
condmarg,entropic_log1p,25,ATLAS,Short,Entropic-log1p,Entropic-log1p · cond-marg,infer_seconds_per_output,Seconds/output,lower,3.932417635177262,0.11252665353123341,5
condmarg,entropic_log1p,25,ATLAS,Short,Entropic-log1p,Entropic-log1p · cond-marg,trajectory_plddt_mean_all_frames,Trajectory pLDDT,higher,88.96656100463866,0.7603836175092257,5
condmarg,entropic,5,ATLAS,Medium,Entropic,Entropic · cond-marg,plddt_mean,pLDDT,higher,97.28834653430515,0.39505351039342185,180
condmarg,entropic,5,ATLAS,Medium,Entropic,Entropic · cond-marg,diversity,Diversity,higher,3.353349629541238,0.5828906648327716,180
condmarg,entropic,5,ATLAS,Medium,Entropic,Entropic · cond-marg,rmsd_mean,Endpoint spread,higher,3.353349629541238,0.5828906648327716,180
condmarg,entropic,5,ATLAS,Medium,Entropic,Entropic · cond-marg,invalid_rate,Invalid rate,lower,0,0,180
condmarg,entropic,5,ATLAS,Medium,Entropic,Entropic · cond-marg,infer_seconds_per_output,Seconds/output,lower,1.5756572440538246,0.16701326522452273,180
condmarg,entropic,5,ATLAS,Medium,Entropic,Entropic · cond-marg,trajectory_plddt_mean_all_frames,Trajectory pLDDT,higher,86.3674045679304,1.6767655463685975,180
condmarg,entropic_log1p,5,ATLAS,Medium,Entropic-log1p,Entropic-log1p · cond-marg,plddt_mean,pLDDT,higher,93.7122028403812,0.9456804149814536,180
condmarg,entropic_log1p,5,ATLAS,Medium,Entropic-log1p,Entropic-log1p · cond-marg,diversity,Diversity,higher,6.620495701167319,0.8560616237690628,180
condmarg,entropic_log1p,5,ATLAS,Medium,Entropic-log1p,Entropic-log1p · cond-marg,rmsd_mean,Endpoint spread,higher,6.620495701167319,0.8560616237690628,180
condmarg,entropic_log1p,5,ATLAS,Medium,Entropic-log1p,Entropic-log1p · cond-marg,invalid_rate,Invalid rate,lower,0,0,180
condmarg,entropic_log1p,5,ATLAS,Medium,Entropic-log1p,Entropic-log1p · cond-marg,infer_seconds_per_output,Seconds/output,lower,1.5744682434092587,0.16696763326971895,180
condmarg,entropic_log1p,5,ATLAS,Medium,Entropic-log1p,Entropic-log1p · cond-marg,trajectory_plddt_mean_all_frames,Trajectory pLDDT,higher,85.49890934096445,1.7071658237748186,180
condmarg,entropic,10,ATLAS,Medium,Entropic,Entropic · cond-marg,plddt_mean,pLDDT,higher,85.9253552224901,1.966541210192686,180
condmarg,entropic,10,ATLAS,Medium,Entropic,Entropic · cond-marg,diversity,Diversity,higher,4.014858180201716,0.6912027516824605,180
condmarg,entropic,10,ATLAS,Medium,Entropic,Entropic · cond-marg,rmsd_mean,Endpoint spread,higher,4.014858180201716,0.6912027516824605,180
condmarg,entropic,10,ATLAS,Medium,Entropic,Entropic · cond-marg,invalid_rate,Invalid rate,lower,0,0,180
condmarg,entropic,10,ATLAS,Medium,Entropic,Entropic · cond-marg,infer_seconds_per_output,Seconds/output,lower,3.153795582260419,0.3335846934626002,180
condmarg,entropic,10,ATLAS,Medium,Entropic,Entropic · cond-marg,trajectory_plddt_mean_all_frames,Trajectory pLDDT,higher,86.30317662133112,1.702989485173312,180
condmarg,entropic_log1p,10,ATLAS,Medium,Entropic-log1p,Entropic-log1p · cond-marg,plddt_mean,pLDDT,higher,97.07226450178358,0.28873735570306036,180
condmarg,entropic_log1p,10,ATLAS,Medium,Entropic-log1p,Entropic-log1p · cond-marg,diversity,Diversity,higher,7.539523226684994,0.8920123431066478,180
condmarg,entropic_log1p,10,ATLAS,Medium,Entropic-log1p,Entropic-log1p · cond-marg,rmsd_mean,Endpoint spread,higher,7.539523226684994,0.8920123431066478,180
condmarg,entropic_log1p,10,ATLAS,Medium,Entropic-log1p,Entropic-log1p · cond-marg,invalid_rate,Invalid rate,lower,0,0,180
condmarg,entropic_log1p,10,ATLAS,Medium,Entropic-log1p,Entropic-log1p · cond-marg,infer_seconds_per_output,Seconds/output,lower,3.1418728425620226,0.3335295259662381,180
condmarg,entropic_log1p,10,ATLAS,Medium,Entropic-log1p,Entropic-log1p · cond-marg,trajectory_plddt_mean_all_frames,Trajectory pLDDT,higher,87.43964688301085,1.4959619742470616,180
condmarg,entropic,25,ATLAS,Medium,Entropic,Entropic · cond-marg,plddt_mean,pLDDT,higher,83.8167073726654,2.2179576308502016,180
condmarg,entropic,25,ATLAS,Medium,Entropic,Entropic · cond-marg,diversity,Diversity,higher,2.4490455646067857,0.5312873670724969,180
condmarg,entropic,25,ATLAS,Medium,Entropic,Entropic · cond-marg,rmsd_mean,Endpoint spread,higher,2.4490455646067857,0.5312873670724969,180
condmarg,entropic,25,ATLAS,Medium,Entropic,Entropic · cond-marg,invalid_rate,Invalid rate,lower,0,0,180
condmarg,entropic,25,ATLAS,Medium,Entropic,Entropic · cond-marg,infer_seconds_per_output,Seconds/output,lower,7.879250213234789,0.8347158839358911,180
condmarg,entropic,25,ATLAS,Medium,Entropic,Entropic · cond-marg,trajectory_plddt_mean_all_frames,Trajectory pLDDT,higher,85.79138437313502,1.8280404614243075,180
condmarg,entropic_log1p,25,ATLAS,Medium,Entropic-log1p,Entropic-log1p · cond-marg,plddt_mean,pLDDT,higher,97.5626810391744,0.1021910400755521,180
condmarg,entropic_log1p,25,ATLAS,Medium,Entropic-log1p,Entropic-log1p · cond-marg,diversity,Diversity,higher,8.536880130238004,0.9128303646776782,180
condmarg,entropic_log1p,25,ATLAS,Medium,Entropic-log1p,Entropic-log1p · cond-marg,rmsd_mean,Endpoint spread,higher,8.536880130238004,0.9128303646776782,180
condmarg,entropic_log1p,25,ATLAS,Medium,Entropic-log1p,Entropic-log1p · cond-marg,invalid_rate,Invalid rate,lower,0,0,180
condmarg,entropic_log1p,25,ATLAS,Medium,Entropic-log1p,Entropic-log1p · cond-marg,infer_seconds_per_output,Seconds/output,lower,7.854389979779565,0.8351714877681299,180
condmarg,entropic_log1p,25,ATLAS,Medium,Entropic-log1p,Entropic-log1p · cond-marg,trajectory_plddt_mean_all_frames,Trajectory pLDDT,higher,88.45536603864042,1.3161000712086235,180
condmarg,entropic,5,ATLAS,Large,Entropic,Entropic · cond-marg,plddt_mean,pLDDT,higher,97.97812451449308,0.30269401283464165,55
condmarg,entropic,5,ATLAS,Large,Entropic,Entropic · cond-marg,diversity,Diversity,higher,3.211943857236342,0.6372956219777385,55
condmarg,entropic,5,ATLAS,Large,Entropic,Entropic · cond-marg,rmsd_mean,Endpoint spread,higher,3.211943857236342,0.6372956219777385,55
condmarg,entropic,5,ATLAS,Large,Entropic,Entropic · cond-marg,invalid_rate,Invalid rate,lower,0,0,55
condmarg,entropic,5,ATLAS,Large,Entropic,Entropic · cond-marg,infer_seconds_per_output,Seconds/output,lower,14.18541676475751,1.5233008428286736,55
condmarg,entropic,5,ATLAS,Large,Entropic,Entropic · cond-marg,trajectory_plddt_mean_all_frames,Trajectory pLDDT,higher,90.76057898781517,1.5180782698490547,55
condmarg,entropic_log1p,5,ATLAS,Large,Entropic-log1p,Entropic-log1p · cond-marg,plddt_mean,pLDDT,higher,95.27872897061435,0.9151445016255398,55
condmarg,entropic_log1p,5,ATLAS,Large,Entropic-log1p,Entropic-log1p · cond-marg,diversity,Diversity,higher,10.71362283446572,1.992738238327084,55
condmarg,entropic_log1p,5,ATLAS,Large,Entropic-log1p,Entropic-log1p · cond-marg,rmsd_mean,Endpoint spread,higher,10.71362283446572,1.992738238327084,55
condmarg,entropic_log1p,5,ATLAS,Large,Entropic-log1p,Entropic-log1p · cond-marg,invalid_rate,Invalid rate,lower,0,0,55
condmarg,entropic_log1p,5,ATLAS,Large,Entropic-log1p,Entropic-log1p · cond-marg,infer_seconds_per_output,Seconds/output,lower,14.170511313697153,1.520922779792252,55
condmarg,entropic_log1p,5,ATLAS,Large,Entropic-log1p,Entropic-log1p · cond-marg,trajectory_plddt_mean_all_frames,Trajectory pLDDT,higher,89.82124150362881,1.6516162373772358,55
condmarg,entropic,10,ATLAS,Large,Entropic,Entropic · cond-marg,plddt_mean,pLDDT,higher,90.79950200861151,1.372760190932579,55
condmarg,entropic,10,ATLAS,Large,Entropic,Entropic · cond-marg,diversity,Diversity,higher,3.5549227291887457,0.9401167259750055,55
condmarg,entropic,10,ATLAS,Large,Entropic,Entropic · cond-marg,rmsd_mean,Endpoint spread,higher,3.5549227291887457,0.9401167259750055,55
condmarg,entropic,10,ATLAS,Large,Entropic,Entropic · cond-marg,invalid_rate,Invalid rate,lower,0,0,55
condmarg,entropic,10,ATLAS,Large,Entropic,Entropic · cond-marg,infer_seconds_per_output,Seconds/output,lower,28.32078328831968,3.030571944954469,55
condmarg,entropic,10,ATLAS,Large,Entropic,Entropic · cond-marg,trajectory_plddt_mean_all_frames,Trajectory pLDDT,higher,90.77865137620402,1.4386959720946848,55
condmarg,entropic_log1p,10,ATLAS,Large,Entropic-log1p,Entropic-log1p · cond-marg,plddt_mean,pLDDT,higher,96.54797335537997,0.26945067982308574,55
condmarg,entropic_log1p,10,ATLAS,Large,Entropic-log1p,Entropic-log1p · cond-marg,diversity,Diversity,higher,12.645800815929066,2.4467511617070277,55
condmarg,entropic_log1p,10,ATLAS,Large,Entropic-log1p,Entropic-log1p · cond-marg,rmsd_mean,Endpoint spread,higher,12.645800815929066,2.4467511617070277,55
condmarg,entropic_log1p,10,ATLAS,Large,Entropic-log1p,Entropic-log1p · cond-marg,invalid_rate,Invalid rate,lower,0,0,55
condmarg,entropic_log1p,10,ATLAS,Large,Entropic-log1p,Entropic-log1p · cond-marg,infer_seconds_per_output,Seconds/output,lower,28.330485883888535,3.032904678813173,55
condmarg,entropic_log1p,10,ATLAS,Large,Entropic-log1p,Entropic-log1p · cond-marg,trajectory_plddt_mean_all_frames,Trajectory pLDDT,higher,90.96455965909091,1.3856663241430525,55
condmarg,entropic,25,ATLAS,Large,Entropic,Entropic · cond-marg,plddt_mean,pLDDT,higher,89.90523966008966,1.5879972394496862,55
condmarg,entropic,25,ATLAS,Large,Entropic,Entropic · cond-marg,diversity,Diversity,higher,1.8748956937681545,0.5778817007943176,55
condmarg,entropic,25,ATLAS,Large,Entropic,Entropic · cond-marg,rmsd_mean,Endpoint spread,higher,1.8748956937681545,0.5778817007943176,55
condmarg,entropic,25,ATLAS,Large,Entropic,Entropic · cond-marg,invalid_rate,Invalid rate,lower,0,0,55
condmarg,entropic,25,ATLAS,Large,Entropic,Entropic · cond-marg,infer_seconds_per_output,Seconds/output,lower,70.86305886082859,7.57793491400549,55
condmarg,entropic,25,ATLAS,Large,Entropic,Entropic · cond-marg,trajectory_plddt_mean_all_frames,Trajectory pLDDT,higher,90.78832259160824,1.4129968624299913,55
condmarg,entropic_log1p,25,ATLAS,Large,Entropic-log1p,Entropic-log1p · cond-marg,plddt_mean,pLDDT,higher,96.30080868114125,0.10720223610891205,55
condmarg,entropic_log1p,25,ATLAS,Large,Entropic-log1p,Entropic-log1p · cond-marg,diversity,Diversity,higher,13.897360229492188,2.747124913378539,55
condmarg,entropic_log1p,25,ATLAS,Large,Entropic-log1p,Entropic-log1p · cond-marg,rmsd_mean,Endpoint spread,higher,13.897360229492188,2.747124913378539,55
condmarg,entropic_log1p,25,ATLAS,Large,Entropic-log1p,Entropic-log1p · cond-marg,invalid_rate,Invalid rate,lower,0,0,55
condmarg,entropic_log1p,25,ATLAS,Large,Entropic-log1p,Entropic-log1p · cond-marg,infer_seconds_per_output,Seconds/output,lower,70.81612833680754,7.587928023312948,55
condmarg,entropic_log1p,25,ATLAS,Large,Entropic-log1p,Entropic-log1p · cond-marg,trajectory_plddt_mean_all_frames,Trajectory pLDDT,higher,91.17702347495337,1.09006377267786,55
condmarg,entropic,5,CAMEO,All,Entropic,Entropic · cond-marg,plddt_mean,pLDDT,higher,97.46591597133212,0.2423896565633091,360
condmarg,entropic,5,CAMEO,All,Entropic,Entropic · cond-marg,diversity,Diversity,higher,3.480793505658706,0.39414632990409154,360
condmarg,entropic,5,CAMEO,All,Entropic,Entropic · cond-marg,rmsd_mean,Endpoint spread,higher,3.480793505658706,0.39414632990409154,360
condmarg,entropic,5,CAMEO,All,Entropic,Entropic · cond-marg,invalid_rate,Invalid rate,lower,0,0,360
condmarg,entropic,5,CAMEO,All,Entropic,Entropic · cond-marg,infer_seconds_per_output,Seconds/output,lower,3.5051960671595426,0.38292680142864616,360
condmarg,entropic,5,CAMEO,All,Entropic,Entropic · cond-marg,trajectory_plddt_mean_all_frames,Trajectory pLDDT,higher,88.13811579227443,0.8369973793708235,360
condmarg,entropic_log1p,5,CAMEO,All,Entropic-log1p,Entropic-log1p · cond-marg,plddt_mean,pLDDT,higher,94.71875341203477,0.4045253592821374,360
condmarg,entropic_log1p,5,CAMEO,All,Entropic-log1p,Entropic-log1p · cond-marg,diversity,Diversity,higher,7.2662220550907985,0.5683111917707545,360
condmarg,entropic_log1p,5,CAMEO,All,Entropic-log1p,Entropic-log1p · cond-marg,rmsd_mean,Endpoint spread,higher,7.2662220550907985,0.5683111917707545,360
condmarg,entropic_log1p,5,CAMEO,All,Entropic-log1p,Entropic-log1p · cond-marg,invalid_rate,Invalid rate,lower,0,0,360
condmarg,entropic_log1p,5,CAMEO,All,Entropic-log1p,Entropic-log1p · cond-marg,infer_seconds_per_output,Seconds/output,lower,3.5051598977368688,0.3828829105370941,360
condmarg,entropic_log1p,5,CAMEO,All,Entropic-log1p,Entropic-log1p · cond-marg,trajectory_plddt_mean_all_frames,Trajectory pLDDT,higher,87.31665745152372,0.8674831369739899,360
condmarg,entropic,10,CAMEO,All,Entropic,Entropic · cond-marg,plddt_mean,pLDDT,higher,88.01474124325647,0.9679668757556489,360
condmarg,entropic,10,CAMEO,All,Entropic,Entropic · cond-marg,diversity,Diversity,higher,3.6576760068535803,0.4534465145542663,360
condmarg,entropic,10,CAMEO,All,Entropic,Entropic · cond-marg,rmsd_mean,Endpoint spread,higher,3.6576760068535803,0.4534465145542663,360
condmarg,entropic,10,CAMEO,All,Entropic,Entropic · cond-marg,invalid_rate,Invalid rate,lower,0,0,360
condmarg,entropic,10,CAMEO,All,Entropic,Entropic · cond-marg,infer_seconds_per_output,Seconds/output,lower,7.0149831420897195,0.7654621179670736,360
condmarg,entropic,10,CAMEO,All,Entropic,Entropic · cond-marg,trajectory_plddt_mean_all_frames,Trajectory pLDDT,higher,88.01330189784372,0.8662462741838328,360
condmarg,entropic_log1p,10,CAMEO,All,Entropic-log1p,Entropic-log1p · cond-marg,plddt_mean,pLDDT,higher,96.93545941776699,0.14421437830487388,360
condmarg,entropic_log1p,10,CAMEO,All,Entropic-log1p,Entropic-log1p · cond-marg,diversity,Diversity,higher,8.539117290907436,0.6133076955551349,360
condmarg,entropic_log1p,10,CAMEO,All,Entropic-log1p,Entropic-log1p · cond-marg,rmsd_mean,Endpoint spread,higher,8.539117290907436,0.6133076955551349,360
condmarg,entropic_log1p,10,CAMEO,All,Entropic-log1p,Entropic-log1p · cond-marg,invalid_rate,Invalid rate,lower,0,0,360
condmarg,entropic_log1p,10,CAMEO,All,Entropic-log1p,Entropic-log1p · cond-marg,infer_seconds_per_output,Seconds/output,lower,7.002597015087182,0.7652215373661784,360
condmarg,entropic_log1p,10,CAMEO,All,Entropic-log1p,Entropic-log1p · cond-marg,trajectory_plddt_mean_all_frames,Trajectory pLDDT,higher,88.88180699401433,0.7561350774817496,360
condmarg,entropic,25,CAMEO,All,Entropic,Entropic · cond-marg,plddt_mean,pLDDT,higher,86.2809496614668,1.099483283208386,360
condmarg,entropic,25,CAMEO,All,Entropic,Entropic · cond-marg,diversity,Diversity,higher,2.0944306813232187,0.2876330569339008,360
condmarg,entropic,25,CAMEO,All,Entropic,Entropic · cond-marg,rmsd_mean,Endpoint spread,higher,2.0944306813232187,0.2876330569339008,360
condmarg,entropic,25,CAMEO,All,Entropic,Entropic · cond-marg,invalid_rate,Invalid rate,lower,0,0,360
condmarg,entropic,25,CAMEO,All,Entropic,Entropic · cond-marg,infer_seconds_per_output,Seconds/output,lower,17.53530771405203,1.9136478084040982,360
condmarg,entropic,25,CAMEO,All,Entropic,Entropic · cond-marg,trajectory_plddt_mean_all_frames,Trajectory pLDDT,higher,87.72601043086577,0.9221394322934556,360
condmarg,entropic_log1p,25,CAMEO,All,Entropic-log1p,Entropic-log1p · cond-marg,plddt_mean,pLDDT,higher,97.09808978504604,0.10397102079768882,360
condmarg,entropic_log1p,25,CAMEO,All,Entropic-log1p,Entropic-log1p · cond-marg,diversity,Diversity,higher,9.256609513031112,0.6410912965343215,360
condmarg,entropic_log1p,25,CAMEO,All,Entropic-log1p,Entropic-log1p · cond-marg,rmsd_mean,Endpoint spread,higher,9.256609513031112,0.6410912965343215,360
condmarg,entropic_log1p,25,CAMEO,All,Entropic-log1p,Entropic-log1p · cond-marg,invalid_rate,Invalid rate,lower,0,0,360
condmarg,entropic_log1p,25,CAMEO,All,Entropic-log1p,Entropic-log1p · cond-marg,infer_seconds_per_output,Seconds/output,lower,17.508146265665548,1.9134499047427642,360
condmarg,entropic_log1p,25,CAMEO,All,Entropic-log1p,Entropic-log1p · cond-marg,trajectory_plddt_mean_all_frames,Trajectory pLDDT,higher,89.59930948162082,0.660093325127466,360
condmarg,entropic,5,CAMEO,Short,Entropic,Entropic · cond-marg,plddt_mean,pLDDT,higher,94.83662693023682,1.2192773331853182,50
condmarg,entropic,5,CAMEO,Short,Entropic,Entropic · cond-marg,diversity,Diversity,higher,3.126030579805374,0.8515073340217755,50
condmarg,entropic,5,CAMEO,Short,Entropic,Entropic · cond-marg,rmsd_mean,Endpoint spread,higher,3.126030579805374,0.8515073340217755,50
condmarg,entropic,5,CAMEO,Short,Entropic,Entropic · cond-marg,invalid_rate,Invalid rate,lower,0,0,50
condmarg,entropic,5,CAMEO,Short,Entropic,Entropic · cond-marg,infer_seconds_per_output,Seconds/output,lower,0.788038534084335,0.006193286543532983,50
condmarg,entropic,5,CAMEO,Short,Entropic,Entropic · cond-marg,trajectory_plddt_mean_all_frames,Trajectory pLDDT,higher,79.80804231643675,2.800691043415456,50
condmarg,entropic_log1p,5,CAMEO,Short,Entropic-log1p,Entropic-log1p · cond-marg,plddt_mean,pLDDT,higher,91.74582614898682,1.6385895552518306,50
condmarg,entropic_log1p,5,CAMEO,Short,Entropic-log1p,Entropic-log1p · cond-marg,diversity,Diversity,higher,5.452017090320587,0.8925611395416685,50
condmarg,entropic_log1p,5,CAMEO,Short,Entropic-log1p,Entropic-log1p · cond-marg,rmsd_mean,Endpoint spread,higher,5.452017090320587,0.8925611395416685,50
condmarg,entropic_log1p,5,CAMEO,Short,Entropic-log1p,Entropic-log1p · cond-marg,invalid_rate,Invalid rate,lower,0,0,50
condmarg,entropic_log1p,5,CAMEO,Short,Entropic-log1p,Entropic-log1p · cond-marg,infer_seconds_per_output,Seconds/output,lower,0.7845907284040003,0.005766516067956497,50
condmarg,entropic_log1p,5,CAMEO,Short,Entropic-log1p,Entropic-log1p · cond-marg,trajectory_plddt_mean_all_frames,Trajectory pLDDT,higher,79.35640631103516,2.9242955398075234,50
condmarg,entropic,10,CAMEO,Short,Entropic,Entropic · cond-marg,plddt_mean,pLDDT,higher,78.08434284210205,3.712213333151296,50
condmarg,entropic,10,CAMEO,Short,Entropic,Entropic · cond-marg,diversity,Diversity,higher,2.9461040723323824,0.802000812529815,50
condmarg,entropic,10,CAMEO,Short,Entropic,Entropic · cond-marg,rmsd_mean,Endpoint spread,higher,2.9461040723323824,0.802000812529815,50
condmarg,entropic,10,CAMEO,Short,Entropic,Entropic · cond-marg,invalid_rate,Invalid rate,lower,0,0,50
condmarg,entropic,10,CAMEO,Short,Entropic,Entropic · cond-marg,infer_seconds_per_output,Seconds/output,lower,1.5758534218836575,0.010127831732207337,50
condmarg,entropic,10,CAMEO,Short,Entropic,Entropic · cond-marg,trajectory_plddt_mean_all_frames,Trajectory pLDDT,higher,78.75922944831848,3.0583801423443573,50
condmarg,entropic_log1p,10,CAMEO,Short,Entropic-log1p,Entropic-log1p · cond-marg,plddt_mean,pLDDT,higher,95.91065155029297,0.6644763262852882,50
condmarg,entropic_log1p,10,CAMEO,Short,Entropic-log1p,Entropic-log1p · cond-marg,diversity,Diversity,higher,6.134173054695129,0.9844385802360125,50
condmarg,entropic_log1p,10,CAMEO,Short,Entropic-log1p,Entropic-log1p · cond-marg,rmsd_mean,Endpoint spread,higher,6.134173054695129,0.9844385802360125,50
condmarg,entropic_log1p,10,CAMEO,Short,Entropic-log1p,Entropic-log1p · cond-marg,invalid_rate,Invalid rate,lower,0,0,50
condmarg,entropic_log1p,10,CAMEO,Short,Entropic-log1p,Entropic-log1p · cond-marg,infer_seconds_per_output,Seconds/output,lower,1.5688367154821754,0.010720064574825909,50
condmarg,entropic_log1p,10,CAMEO,Short,Entropic-log1p,Entropic-log1p · cond-marg,trajectory_plddt_mean_all_frames,Trajectory pLDDT,higher,81.36756630897524,2.6629648992688932,50
condmarg,entropic,25,CAMEO,Short,Entropic,Entropic · cond-marg,plddt_mean,pLDDT,higher,74.53427755355835,4.10721499999644,50
condmarg,entropic,25,CAMEO,Short,Entropic,Entropic · cond-marg,diversity,Diversity,higher,1.386582875214517,0.49299310646672884,50
condmarg,entropic,25,CAMEO,Short,Entropic,Entropic · cond-marg,rmsd_mean,Endpoint spread,higher,1.386582875214517,0.49299310646672884,50
condmarg,entropic,25,CAMEO,Short,Entropic,Entropic · cond-marg,invalid_rate,Invalid rate,lower,0,0,50
condmarg,entropic,25,CAMEO,Short,Entropic,Entropic · cond-marg,infer_seconds_per_output,Seconds/output,lower,3.962741725631058,0.02711722164192267,50
condmarg,entropic,25,CAMEO,Short,Entropic,Entropic · cond-marg,trajectory_plddt_mean_all_frames,Trajectory pLDDT,higher,77.63611458892824,3.2730951635739434,50
condmarg,entropic_log1p,25,CAMEO,Short,Entropic-log1p,Entropic-log1p · cond-marg,plddt_mean,pLDDT,higher,96.10119148254394,0.46964478344501104,50
condmarg,entropic_log1p,25,CAMEO,Short,Entropic-log1p,Entropic-log1p · cond-marg,diversity,Diversity,higher,6.679030365943909,1.0486494695858395,50
condmarg,entropic_log1p,25,CAMEO,Short,Entropic-log1p,Entropic-log1p · cond-marg,rmsd_mean,Endpoint spread,higher,6.679030365943909,1.0486494695858395,50
condmarg,entropic_log1p,25,CAMEO,Short,Entropic-log1p,Entropic-log1p · cond-marg,invalid_rate,Invalid rate,lower,0,0,50
condmarg,entropic_log1p,25,CAMEO,Short,Entropic-log1p,Entropic-log1p · cond-marg,infer_seconds_per_output,Seconds/output,lower,3.922196219386533,0.0272219961987847,50
condmarg,entropic_log1p,25,CAMEO,Short,Entropic-log1p,Entropic-log1p · cond-marg,trajectory_plddt_mean_all_frames,Trajectory pLDDT,higher,82.89174639129637,2.370974964943596,50
condmarg,entropic,5,CAMEO,Medium,Entropic,Entropic · cond-marg,plddt_mean,pLDDT,higher,97.89915995930517,0.22027413093143103,215
condmarg,entropic,5,CAMEO,Medium,Entropic,Entropic · cond-marg,diversity,Diversity,higher,2.8405097790928773,0.4074741654535942,215
condmarg,entropic,5,CAMEO,Medium,Entropic,Entropic · cond-marg,rmsd_mean,Endpoint spread,higher,2.8405097790928773,0.4074741654535942,215
condmarg,entropic,5,CAMEO,Medium,Entropic,Entropic · cond-marg,invalid_rate,Invalid rate,lower,0,0,215
condmarg,entropic,5,CAMEO,Medium,Entropic,Entropic · cond-marg,infer_seconds_per_output,Seconds/output,lower,1.7131413422752344,0.10686297731290076,215
condmarg,entropic,5,CAMEO,Medium,Entropic,Entropic · cond-marg,trajectory_plddt_mean_all_frames,Trajectory pLDDT,higher,89.28169921697574,1.0595267754037896,215
condmarg,entropic_log1p,5,CAMEO,Medium,Entropic-log1p,Entropic-log1p · cond-marg,plddt_mean,pLDDT,higher,95.22064999425135,0.49526996294794856,215
condmarg,entropic_log1p,5,CAMEO,Medium,Entropic-log1p,Entropic-log1p · cond-marg,diversity,Diversity,higher,6.645526974145756,0.7230183851837307,215
condmarg,entropic_log1p,5,CAMEO,Medium,Entropic-log1p,Entropic-log1p · cond-marg,rmsd_mean,Endpoint spread,higher,6.645526974145756,0.7230183851837307,215
condmarg,entropic_log1p,5,CAMEO,Medium,Entropic-log1p,Entropic-log1p · cond-marg,invalid_rate,Invalid rate,lower,0,0,215
condmarg,entropic_log1p,5,CAMEO,Medium,Entropic-log1p,Entropic-log1p · cond-marg,infer_seconds_per_output,Seconds/output,lower,1.7133104707861622,0.10680120233331733,215
condmarg,entropic_log1p,5,CAMEO,Medium,Entropic-log1p,Entropic-log1p · cond-marg,trajectory_plddt_mean_all_frames,Trajectory pLDDT,higher,88.4048677799314,1.1140368493642892,215
condmarg,entropic,10,CAMEO,Medium,Entropic,Entropic · cond-marg,plddt_mean,pLDDT,higher,89.46975796278133,1.149389401745398,215
condmarg,entropic,10,CAMEO,Medium,Entropic,Entropic · cond-marg,diversity,Diversity,higher,3.1884798288345335,0.5754816769714561,215
condmarg,entropic,10,CAMEO,Medium,Entropic,Entropic · cond-marg,rmsd_mean,Endpoint spread,higher,3.1884798288345335,0.5754816769714561,215
condmarg,entropic,10,CAMEO,Medium,Entropic,Entropic · cond-marg,invalid_rate,Invalid rate,lower,0,0,215
condmarg,entropic,10,CAMEO,Medium,Entropic,Entropic · cond-marg,infer_seconds_per_output,Seconds/output,lower,3.4306825166492354,0.2135789790808507,215
condmarg,entropic,10,CAMEO,Medium,Entropic,Entropic · cond-marg,trajectory_plddt_mean_all_frames,Trajectory pLDDT,higher,89.3357601263357,1.0493206223781963,215
condmarg,entropic_log1p,10,CAMEO,Medium,Entropic-log1p,Entropic-log1p · cond-marg,plddt_mean,pLDDT,higher,97.3919186259425,0.14304060790572876,215
condmarg,entropic_log1p,10,CAMEO,Medium,Entropic-log1p,Entropic-log1p · cond-marg,diversity,Diversity,higher,7.9226832395376166,0.7748109559683242,215
condmarg,entropic_log1p,10,CAMEO,Medium,Entropic-log1p,Entropic-log1p · cond-marg,rmsd_mean,Endpoint spread,higher,7.9226832395376166,0.7748109559683242,215
condmarg,entropic_log1p,10,CAMEO,Medium,Entropic-log1p,Entropic-log1p · cond-marg,invalid_rate,Invalid rate,lower,0,0,215
condmarg,entropic_log1p,10,CAMEO,Medium,Entropic-log1p,Entropic-log1p · cond-marg,infer_seconds_per_output,Seconds/output,lower,3.4174908175338925,0.2135518809247761,215
condmarg,entropic_log1p,10,CAMEO,Medium,Entropic-log1p,Entropic-log1p · cond-marg,trajectory_plddt_mean_all_frames,Trajectory pLDDT,higher,90.00766677191088,0.9335973568154684,215
condmarg,entropic,25,CAMEO,Medium,Entropic,Entropic · cond-marg,plddt_mean,pLDDT,higher,87.8599649695463,1.3068392579003505,215
condmarg,entropic,25,CAMEO,Medium,Entropic,Entropic · cond-marg,diversity,Diversity,higher,1.9719915439396403,0.39434446537780415,215
condmarg,entropic,25,CAMEO,Medium,Entropic,Entropic · cond-marg,rmsd_mean,Endpoint spread,higher,1.9719915439396403,0.39434446537780415,215
condmarg,entropic,25,CAMEO,Medium,Entropic,Entropic · cond-marg,invalid_rate,Invalid rate,lower,0,0,215
condmarg,entropic,25,CAMEO,Medium,Entropic,Entropic · cond-marg,infer_seconds_per_output,Seconds/output,lower,8.567125272802835,0.5339750557333456,215
condmarg,entropic,25,CAMEO,Medium,Entropic,Entropic · cond-marg,trajectory_plddt_mean_all_frames,Trajectory pLDDT,higher,89.10253906108056,1.1105145474716034,215
condmarg,entropic_log1p,25,CAMEO,Medium,Entropic-log1p,Entropic-log1p · cond-marg,plddt_mean,pLDDT,higher,97.62288891991903,0.07136584141810283,215
condmarg,entropic_log1p,25,CAMEO,Medium,Entropic-log1p,Entropic-log1p · cond-marg,diversity,Diversity,higher,9.209878174648729,0.8710531673297464,215
condmarg,entropic_log1p,25,CAMEO,Medium,Entropic-log1p,Entropic-log1p · cond-marg,rmsd_mean,Endpoint spread,higher,9.209878174648729,0.8710531673297464,215
condmarg,entropic_log1p,25,CAMEO,Medium,Entropic-log1p,Entropic-log1p · cond-marg,invalid_rate,Invalid rate,lower,0,0,215
condmarg,entropic_log1p,25,CAMEO,Medium,Entropic-log1p,Entropic-log1p · cond-marg,infer_seconds_per_output,Seconds/output,lower,8.545828957032672,0.5340792133609201,215
condmarg,entropic_log1p,25,CAMEO,Medium,Entropic-log1p,Entropic-log1p · cond-marg,trajectory_plddt_mean_all_frames,Trajectory pLDDT,higher,90.69041819603497,0.8048985802144945,215
condmarg,entropic,5,CAMEO,Large,Entropic,Entropic · cond-marg,plddt_mean,pLDDT,higher,97.86925275702225,0.14047833655473388,95
condmarg,entropic,5,CAMEO,Large,Entropic,Entropic · cond-marg,diversity,Diversity,higher,5.116574005704177,1.021745982013083,95
condmarg,entropic,5,CAMEO,Large,Entropic,Entropic · cond-marg,rmsd_mean,Endpoint spread,higher,5.116574005704177,1.021745982013083,95
condmarg,entropic,5,CAMEO,Large,Entropic,Entropic · cond-marg,invalid_rate,Invalid rate,lower,0,0,95
condmarg,entropic,5,CAMEO,Large,Entropic,Entropic · cond-marg,infer_seconds_per_output,Seconds/output,lower,8.99098177772677,0.61448684697455,95
condmarg,entropic,5,CAMEO,Large,Entropic,Entropic · cond-marg,trajectory_plddt_mean_all_frames,Trajectory pLDDT,higher,89.93425513418096,0.6764981810233762,95
condmarg,entropic_log1p,5,CAMEO,Large,Entropic-log1p,Entropic-log1p · cond-marg,plddt_mean,pLDDT,higher,95.14758075914885,0.3833041640188577,95
condmarg,entropic_log1p,5,CAMEO,Large,Entropic-log1p,Entropic-log1p · cond-marg,diversity,Diversity,higher,9.625797746056005,1.1951516571799616,95
condmarg,entropic_log1p,5,CAMEO,Large,Entropic-log1p,Entropic-log1p · cond-marg,rmsd_mean,Endpoint spread,higher,9.625797746056005,1.1951516571799616,95
condmarg,entropic_log1p,5,CAMEO,Large,Entropic-log1p,Entropic-log1p · cond-marg,invalid_rate,Invalid rate,lower,0,0,95
condmarg,entropic_log1p,5,CAMEO,Large,Entropic-log1p,Entropic-log1p · cond-marg,infer_seconds_per_output,Seconds/output,lower,8.99227658469524,0.6133915472610715,95
condmarg,entropic_log1p,5,CAMEO,Large,Entropic-log1p,Entropic-log1p · cond-marg,trajectory_plddt_mean_all_frames,Trajectory pLDDT,higher,89.04347151906863,0.7457085393322346,95
condmarg,entropic,10,CAMEO,Large,Entropic,Entropic · cond-marg,plddt_mean,pLDDT,higher,89.94833414178146,0.7092545220715752,95
condmarg,entropic,10,CAMEO,Large,Entropic,Entropic · cond-marg,diversity,Diversity,higher,5.09405258580258,0.988629008249568,95
condmarg,entropic,10,CAMEO,Large,Entropic,Entropic · cond-marg,rmsd_mean,Endpoint spread,higher,5.09405258580258,0.988629008249568,95
condmarg,entropic,10,CAMEO,Large,Entropic,Entropic · cond-marg,invalid_rate,Invalid rate,lower,0,0,95
condmarg,entropic,10,CAMEO,Large,Entropic,Entropic · cond-marg,infer_seconds_per_output,Seconds/output,lower,17.989521252405584,1.2239788130341158,95
condmarg,entropic,10,CAMEO,Large,Entropic,Entropic · cond-marg,trajectory_plddt_mean_all_frames,Trajectory pLDDT,higher,89.89093456469087,0.6876006625070213,95
condmarg,entropic_log1p,10,CAMEO,Large,Entropic-log1p,Entropic-log1p · cond-marg,plddt_mean,pLDDT,higher,96.44179271898771,0.15040381272450604,95
condmarg,entropic_log1p,10,CAMEO,Large,Entropic-log1p,Entropic-log1p · cond-marg,diversity,Diversity,higher,11.199965005171926,1.279034026839076,95
condmarg,entropic_log1p,10,CAMEO,Large,Entropic-log1p,Entropic-log1p · cond-marg,rmsd_mean,Endpoint spread,higher,11.199965005171926,1.279034026839076,95
condmarg,entropic_log1p,10,CAMEO,Large,Entropic-log1p,Entropic-log1p · cond-marg,invalid_rate,Invalid rate,lower,0,0,95
condmarg,entropic_log1p,10,CAMEO,Large,Entropic-log1p,Entropic-log1p · cond-marg,infer_seconds_per_output,Seconds/output,lower,17.97613225144726,1.2224859690374978,95
condmarg,entropic_log1p,10,CAMEO,Large,Entropic-log1p,Entropic-log1p · cond-marg,trajectory_plddt_mean_all_frames,Trajectory pLDDT,higher,90.28867206774257,0.6523694522801721,95
condmarg,entropic,25,CAMEO,Large,Entropic,Entropic · cond-marg,plddt_mean,pLDDT,higher,88.88984770523875,0.7688942837439735,95
condmarg,entropic,25,CAMEO,Large,Entropic,Entropic · cond-marg,diversity,Diversity,higher,2.744081258616949,0.5477611862426994,95
condmarg,entropic,25,CAMEO,Large,Entropic,Entropic · cond-marg,rmsd_mean,Endpoint spread,higher,2.744081258616949,0.5477611862426994,95
condmarg,entropic,25,CAMEO,Large,Entropic,Entropic · cond-marg,invalid_rate,Invalid rate,lower,0,0,95
condmarg,entropic,25,CAMEO,Large,Entropic,Entropic · cond-marg,infer_seconds_per_output,Seconds/output,lower,44.97517639078494,3.0589574477067036,95
condmarg,entropic,25,CAMEO,Large,Entropic,Entropic · cond-marg,trajectory_plddt_mean_all_frames,Trajectory pLDDT,higher,89.92118028982061,0.6718491663880594,95
condmarg,entropic_log1p,25,CAMEO,Large,Entropic-log1p,Entropic-log1p · cond-marg,plddt_mean,pLDDT,higher,96.43506979691355,0.06984442372528539,95
condmarg,entropic_log1p,25,CAMEO,Large,Entropic-log1p,Entropic-log1p · cond-marg,diversity,Diversity,higher,10.718990514152928,1.227504653563421,95
condmarg,entropic_log1p,25,CAMEO,Large,Entropic-log1p,Entropic-log1p · cond-marg,rmsd_mean,Endpoint spread,higher,10.718990514152928,1.227504653563421,95
condmarg,entropic_log1p,25,CAMEO,Large,Entropic-log1p,Entropic-log1p · cond-marg,invalid_rate,Invalid rate,lower,0,0,95
condmarg,entropic_log1p,25,CAMEO,Large,Entropic-log1p,Entropic-log1p · cond-marg,infer_seconds_per_output,Seconds/output,lower,44.941785462192065,3.0596671069354064,95
condmarg,entropic_log1p,25,CAMEO,Large,Entropic-log1p,Entropic-log1p · cond-marg,trajectory_plddt_mean_all_frames,Trajectory pLDDT,higher,90.66025454390677,0.5494552906889847,95
standard,linear,5,All,All,Linear,Linear · standard,plddt_mean,pLDDT,higher,93.05017792928469,0.47991527413949464,572
standard,linear,5,All,All,Linear,Linear · standard,diversity,Diversity,higher,7.568745429595034,0.4904676349030559,572
standard,linear,5,All,All,Linear,Linear · standard,rmsd_mean,Endpoint spread,higher,7.568745429595034,0.4904676349030559,572
standard,linear,5,All,All,Linear,Linear · standard,invalid_rate,Invalid rate,lower,0,0,572
standard,linear,5,All,All,Linear,Linear · standard,infer_seconds_per_output,Seconds/output,lower,3.4247494470933573,0.3495826087420721,572
standard,linear,5,All,All,Linear,Linear · standard,trajectory_plddt_mean_all_frames,Trajectory pLDDT,higher,86.6671889845308,0.8018057059364713,572
standard,entropic,5,All,All,Entropic,Entropic · standard,plddt_mean,pLDDT,higher,93.5290583770887,0.4531773731505106,565
standard,entropic,5,All,All,Entropic,Entropic · standard,diversity,Diversity,higher,7.492161448761425,0.4982261464911445,565
standard,entropic,5,All,All,Entropic,Entropic · standard,rmsd_mean,Endpoint spread,higher,7.492161448761425,0.4982261464911445,565
standard,entropic,5,All,All,Entropic,Entropic · standard,invalid_rate,Invalid rate,lower,0,0,565
standard,entropic,5,All,All,Entropic,Entropic · standard,infer_seconds_per_output,Seconds/output,lower,3.304032327055898,0.34068826456472406,565
standard,entropic,5,All,All,Entropic,Entropic · standard,trajectory_plddt_mean_all_frames,Trajectory pLDDT,higher,86.86469647264057,0.7967851936771989,565
standard,entropic_log1p,5,All,All,Entropic-log1p,Entropic-log1p · standard,plddt_mean,pLDDT,higher,93.52717115182793,0.4534036407253255,565
standard,entropic_log1p,5,All,All,Entropic-log1p,Entropic-log1p · standard,diversity,Diversity,higher,7.476322131241317,0.4950509734390399,565
standard,entropic_log1p,5,All,All,Entropic-log1p,Entropic-log1p · standard,rmsd_mean,Endpoint spread,higher,7.476322131241317,0.4950509734390399,565
standard,entropic_log1p,5,All,All,Entropic-log1p,Entropic-log1p · standard,invalid_rate,Invalid rate,lower,0,0,565
standard,entropic_log1p,5,All,All,Entropic-log1p,Entropic-log1p · standard,infer_seconds_per_output,Seconds/output,lower,3.3063712461329215,0.34123487353398685,565
standard,entropic_log1p,5,All,All,Entropic-log1p,Entropic-log1p · standard,trajectory_plddt_mean_all_frames,Trajectory pLDDT,higher,86.86383277454193,0.7972212581413741,565
standard,cosine,5,All,All,Cosine,Cosine · standard,plddt_mean,pLDDT,higher,95.13258205561831,0.3741590017541106,567
standard,cosine,5,All,All,Cosine,Cosine · standard,diversity,Diversity,higher,6.838134906279347,0.47121150620745317,567
standard,cosine,5,All,All,Cosine,Cosine · standard,rmsd_mean,Endpoint spread,higher,6.838134906279347,0.47121150620745317,567
standard,cosine,5,All,All,Cosine,Cosine · standard,invalid_rate,Invalid rate,lower,0,0,567
standard,cosine,5,All,All,Cosine,Cosine · standard,infer_seconds_per_output,Seconds/output,lower,3.3351906510903557,0.34264409663985645,567
standard,cosine,5,All,All,Cosine,Cosine · standard,trajectory_plddt_mean_all_frames,Trajectory pLDDT,higher,86.92278930892802,0.7981473770339508,567
standard,sigmoid,5,All,All,Sigmoid,Sigmoid · standard,plddt_mean,pLDDT,higher,97.3418680714295,0.2177791333254983,565
standard,sigmoid,5,All,All,Sigmoid,Sigmoid · standard,diversity,Diversity,higher,5.543203357785149,0.4171530316019054,565
standard,sigmoid,5,All,All,Sigmoid,Sigmoid · standard,rmsd_mean,Endpoint spread,higher,5.543203357785149,0.4171530316019054,565
standard,sigmoid,5,All,All,Sigmoid,Sigmoid · standard,invalid_rate,Invalid rate,lower,0,0,565
standard,sigmoid,5,All,All,Sigmoid,Sigmoid · standard,infer_seconds_per_output,Seconds/output,lower,3.3049178252497327,0.3405404266895627,565
standard,sigmoid,5,All,All,Sigmoid,Sigmoid · standard,trajectory_plddt_mean_all_frames,Trajectory pLDDT,higher,87.41852966477389,0.7771543102485331,565
standard,power_2,5,All,All,Power-2,Power-2 · standard,plddt_mean,pLDDT,higher,90.65437607554207,0.6528481816932241,565
standard,power_2,5,All,All,Power-2,Power-2 · standard,diversity,Diversity,higher,7.080999268894702,0.4921369990485549,565
standard,power_2,5,All,All,Power-2,Power-2 · standard,rmsd_mean,Endpoint spread,higher,7.080999268894702,0.4921369990485549,565
standard,power_2,5,All,All,Power-2,Power-2 · standard,invalid_rate,Invalid rate,lower,0,0,565
standard,power_2,5,All,All,Power-2,Power-2 · standard,infer_seconds_per_output,Seconds/output,lower,3.3042146700938164,0.3408033538008073,565
standard,power_2,5,All,All,Power-2,Power-2 · standard,trajectory_plddt_mean_all_frames,Trajectory pLDDT,higher,84.9227200577322,0.9222017498135346,565
standard,linear,10,All,All,Linear,Linear · standard,plddt_mean,pLDDT,higher,94.82431988313165,0.24360149563975728,568
standard,linear,10,All,All,Linear,Linear · standard,diversity,Diversity,higher,8.905834910945154,0.5394706178178779,568
standard,linear,10,All,All,Linear,Linear · standard,rmsd_mean,Endpoint spread,higher,8.905834910945154,0.5394706178178779,568
standard,linear,10,All,All,Linear,Linear · standard,invalid_rate,Invalid rate,lower,0,0,568
standard,linear,10,All,All,Linear,Linear · standard,infer_seconds_per_output,Seconds/output,lower,6.717085220857768,0.6910097305334968,568
standard,linear,10,All,All,Linear,Linear · standard,trajectory_plddt_mean_all_frames,Trajectory pLDDT,higher,88.21545769479908,0.7077389462337187,568
standard,entropic,10,All,All,Entropic,Entropic · standard,plddt_mean,pLDDT,higher,95.74291397702378,0.19410341846458223,565
standard,entropic,10,All,All,Entropic,Entropic · standard,diversity,Diversity,higher,8.758837271791643,0.537088525727883,565
standard,entropic,10,All,All,Entropic,Entropic · standard,rmsd_mean,Endpoint spread,higher,8.758837271791643,0.537088525727883,565
standard,entropic,10,All,All,Entropic,Entropic · standard,invalid_rate,Invalid rate,lower,0,0,565
standard,entropic,10,All,All,Entropic,Entropic · standard,infer_seconds_per_output,Seconds/output,lower,6.608369600909774,0.6818921416465212,565
standard,entropic,10,All,All,Entropic,Entropic · standard,trajectory_plddt_mean_all_frames,Trajectory pLDDT,higher,88.43617228313876,0.6966776514735197,565
standard,entropic_log1p,10,All,All,Entropic-log1p,Entropic-log1p · standard,plddt_mean,pLDDT,higher,95.74879015019509,0.1962355414206536,565
standard,entropic_log1p,10,All,All,Entropic-log1p,Entropic-log1p · standard,diversity,Diversity,higher,8.701082893599452,0.5316054272820567,565
standard,entropic_log1p,10,All,All,Entropic-log1p,Entropic-log1p · standard,rmsd_mean,Endpoint spread,higher,8.701082893599452,0.5316054272820567,565
standard,entropic_log1p,10,All,All,Entropic-log1p,Entropic-log1p · standard,invalid_rate,Invalid rate,lower,0,0,565
standard,entropic_log1p,10,All,All,Entropic-log1p,Entropic-log1p · standard,infer_seconds_per_output,Seconds/output,lower,6.605091021820878,0.6810319949271493,565
standard,entropic_log1p,10,All,All,Entropic-log1p,Entropic-log1p · standard,trajectory_plddt_mean_all_frames,Trajectory pLDDT,higher,88.43613198997701,0.697766296906359,565
standard,cosine,10,All,All,Cosine,Cosine · standard,plddt_mean,pLDDT,higher,97.32447466774592,0.12095715191357673,567
standard,cosine,10,All,All,Cosine,Cosine · standard,diversity,Diversity,higher,8.000385927144812,0.5091036734457349,567
standard,cosine,10,All,All,Cosine,Cosine · standard,rmsd_mean,Endpoint spread,higher,8.000385927144812,0.5091036734457349,567
standard,cosine,10,All,All,Cosine,Cosine · standard,invalid_rate,Invalid rate,lower,0,0,567
standard,cosine,10,All,All,Cosine,Cosine · standard,infer_seconds_per_output,Seconds/output,lower,6.704267943315631,0.6924558710331088,567
standard,cosine,10,All,All,Cosine,Cosine · standard,trajectory_plddt_mean_all_frames,Trajectory pLDDT,higher,88.53900318246662,0.7038269914529569,567
standard,sigmoid,10,All,All,Sigmoid,Sigmoid · standard,plddt_mean,pLDDT,higher,97.88420616082385,0.10848660421527467,565
standard,sigmoid,10,All,All,Sigmoid,Sigmoid · standard,diversity,Diversity,higher,7.207527875056309,0.4880738615753489,565
standard,sigmoid,10,All,All,Sigmoid,Sigmoid · standard,rmsd_mean,Endpoint spread,higher,7.207527875056309,0.4880738615753489,565
standard,sigmoid,10,All,All,Sigmoid,Sigmoid · standard,invalid_rate,Invalid rate,lower,0,0,565
standard,sigmoid,10,All,All,Sigmoid,Sigmoid · standard,infer_seconds_per_output,Seconds/output,lower,6.60550818506925,0.6817266282847401,565
standard,sigmoid,10,All,All,Sigmoid,Sigmoid · standard,trajectory_plddt_mean_all_frames,Trajectory pLDDT,higher,88.94930890496853,0.6926167425069113,565
standard,power_2,10,All,All,Power-2,Power-2 · standard,plddt_mean,pLDDT,higher,93.82649341936214,0.4254362118736079,562
standard,power_2,10,All,All,Power-2,Power-2 · standard,diversity,Diversity,higher,8.742894018035766,0.5563745333873567,562
standard,power_2,10,All,All,Power-2,Power-2 · standard,rmsd_mean,Endpoint spread,higher,8.742894018035766,0.5563745333873567,562
standard,power_2,10,All,All,Power-2,Power-2 · standard,invalid_rate,Invalid rate,lower,0,0,562
standard,power_2,10,All,All,Power-2,Power-2 · standard,infer_seconds_per_output,Seconds/output,lower,6.51818765901902,0.6735141327600401,562
standard,power_2,10,All,All,Power-2,Power-2 · standard,trajectory_plddt_mean_all_frames,Trajectory pLDDT,higher,86.35042406333298,0.8664928911993593,562
standard,linear,25,All,All,Linear,Linear · standard,plddt_mean,pLDDT,higher,95.76334865482913,0.12317189111057758,569
standard,linear,25,All,All,Linear,Linear · standard,diversity,Diversity,higher,9.717900389946198,0.5715802368734518,569
standard,linear,25,All,All,Linear,Linear · standard,rmsd_mean,Endpoint spread,higher,9.717900389946198,0.5715802368734518,569
standard,linear,25,All,All,Linear,Linear · standard,invalid_rate,Invalid rate,lower,0,0,569
standard,linear,25,All,All,Linear,Linear · standard,infer_seconds_per_output,Seconds/output,lower,16.91400630555702,1.740722940050662,569
standard,linear,25,All,All,Linear,Linear · standard,trajectory_plddt_mean_all_frames,Trajectory pLDDT,higher,89.01833156853857,0.6178553105234006,569
standard,entropic,25,All,All,Entropic,Entropic · standard,plddt_mean,pLDDT,higher,97.07793367436501,0.08512754695689188,565
standard,entropic,25,All,All,Entropic,Entropic · standard,diversity,Diversity,higher,9.320708169346362,0.5594431636024644,565
standard,entropic,25,All,All,Entropic,Entropic · standard,rmsd_mean,Endpoint spread,higher,9.320708169346362,0.5594431636024644,565
standard,entropic,25,All,All,Entropic,Entropic · standard,invalid_rate,Invalid rate,lower,0,0,565
standard,entropic,25,All,All,Entropic,Entropic · standard,infer_seconds_per_output,Seconds/output,lower,16.507823060826805,1.7014991279817602,565
standard,entropic,25,All,All,Entropic,Entropic · standard,trajectory_plddt_mean_all_frames,Trajectory pLDDT,higher,89.25795427420287,0.6067502946998061,565
standard,entropic_log1p,25,All,All,Entropic-log1p,Entropic-log1p · standard,plddt_mean,pLDDT,higher,97.09357019427826,0.08493131338494044,563
standard,entropic_log1p,25,All,All,Entropic-log1p,Entropic-log1p · standard,diversity,Diversity,higher,9.26107888895072,0.5489713773100223,563
standard,entropic_log1p,25,All,All,Entropic-log1p,Entropic-log1p · standard,rmsd_mean,Endpoint spread,higher,9.26107888895072,0.5489713773100223,563
standard,entropic_log1p,25,All,All,Entropic-log1p,Entropic-log1p · standard,invalid_rate,Invalid rate,lower,0,0,563
standard,entropic_log1p,25,All,All,Entropic-log1p,Entropic-log1p · standard,infer_seconds_per_output,Seconds/output,lower,16.440127699667663,1.7060528183134462,563
standard,entropic_log1p,25,All,All,Entropic-log1p,Entropic-log1p · standard,trajectory_plddt_mean_all_frames,Trajectory pLDDT,higher,89.26073348904163,0.6057778304585042,563
standard,cosine,25,All,All,Cosine,Cosine · standard,plddt_mean,pLDDT,higher,97.16013731467851,0.08443529803551125,566
standard,cosine,25,All,All,Cosine,Cosine · standard,diversity,Diversity,higher,9.112054147695062,0.5478241634248917,566
standard,cosine,25,All,All,Cosine,Cosine · standard,rmsd_mean,Endpoint spread,higher,9.112054147695062,0.5478241634248917,566
standard,cosine,25,All,All,Cosine,Cosine · standard,invalid_rate,Invalid rate,lower,0,0,566
standard,cosine,25,All,All,Cosine,Cosine · standard,infer_seconds_per_output,Seconds/output,lower,16.62540264761564,1.7149475254408575,566
standard,cosine,25,All,All,Cosine,Cosine · standard,trajectory_plddt_mean_all_frames,Trajectory pLDDT,higher,89.28518760458738,0.6233631338979384,566
standard,sigmoid,25,All,All,Sigmoid,Sigmoid · standard,plddt_mean,pLDDT,higher,97.18538754218447,0.0961472184817441,565
standard,sigmoid,25,All,All,Sigmoid,Sigmoid · standard,diversity,Diversity,higher,8.471913552706221,0.5238135405157931,565
standard,sigmoid,25,All,All,Sigmoid,Sigmoid · standard,rmsd_mean,Endpoint spread,higher,8.471913552706221,0.5238135405157931,565
standard,sigmoid,25,All,All,Sigmoid,Sigmoid · standard,invalid_rate,Invalid rate,lower,0,0,565
standard,sigmoid,25,All,All,Sigmoid,Sigmoid · standard,infer_seconds_per_output,Seconds/output,lower,16.51787566716867,1.7029387122415258,565
standard,sigmoid,25,All,All,Sigmoid,Sigmoid · standard,trajectory_plddt_mean_all_frames,Trajectory pLDDT,higher,89.71695227840736,0.6195667495237682,565
standard,power_2,25,All,All,Power-2,Power-2 · standard,plddt_mean,pLDDT,higher,94.88292601274297,0.18667402975017144,561
standard,power_2,25,All,All,Power-2,Power-2 · standard,diversity,Diversity,higher,9.624782753925697,0.5785042131044446,561
standard,power_2,25,All,All,Power-2,Power-2 · standard,rmsd_mean,Endpoint spread,higher,9.624782753925697,0.5785042131044446,561
standard,power_2,25,All,All,Power-2,Power-2 · standard,invalid_rate,Invalid rate,lower,0,0,561
standard,power_2,25,All,All,Power-2,Power-2 · standard,infer_seconds_per_output,Seconds/output,lower,16.35952767967259,1.709400509711438,561
standard,power_2,25,All,All,Power-2,Power-2 · standard,trajectory_plddt_mean_all_frames,Trajectory pLDDT,higher,87.35613895797044,0.7973493112919628,561
standard,linear,5,All,Short,Linear,Linear · standard,plddt_mean,pLDDT,higher,89.9726579319347,1.8326680339385721,55
standard,linear,5,All,Short,Linear,Linear · standard,diversity,Diversity,higher,5.272923163934188,0.7908426253867934,55
standard,linear,5,All,Short,Linear,Linear · standard,rmsd_mean,Endpoint spread,higher,5.272923163934188,0.7908426253867934,55
standard,linear,5,All,Short,Linear,Linear · standard,invalid_rate,Invalid rate,lower,0,0,55
standard,linear,5,All,Short,Linear,Linear · standard,infer_seconds_per_output,Seconds/output,lower,0.7828239271967588,0.003756087383455677,55
standard,linear,5,All,Short,Linear,Linear · standard,trajectory_plddt_mean_all_frames,Trajectory pLDDT,higher,79.66708362926136,2.8012208520960638,55
standard,entropic,5,All,Short,Entropic,Entropic · standard,plddt_mean,pLDDT,higher,90.83418707414107,1.692100602395746,55
standard,entropic,5,All,Short,Entropic,Entropic · standard,diversity,Diversity,higher,5.275937377322804,0.8277630335644517,55
standard,entropic,5,All,Short,Entropic,Entropic · standard,rmsd_mean,Endpoint spread,higher,5.275937377322804,0.8277630335644517,55
standard,entropic,5,All,Short,Entropic,Entropic · standard,invalid_rate,Invalid rate,lower,0,0,55
standard,entropic,5,All,Short,Entropic,Entropic · standard,infer_seconds_per_output,Seconds/output,lower,0.7788659044245089,0.004211919759118188,55
standard,entropic,5,All,Short,Entropic,Entropic · standard,trajectory_plddt_mean_all_frames,Trajectory pLDDT,higher,80.10012774727561,2.7479246418013217,55
standard,entropic_log1p,5,All,Short,Entropic-log1p,Entropic-log1p · standard,plddt_mean,pLDDT,higher,90.81493896137584,1.6975412668439234,55
standard,entropic_log1p,5,All,Short,Entropic-log1p,Entropic-log1p · standard,diversity,Diversity,higher,5.2433962431820955,0.8004599810891226,55
standard,entropic_log1p,5,All,Short,Entropic-log1p,Entropic-log1p · standard,rmsd_mean,Endpoint spread,higher,5.2433962431820955,0.8004599810891226,55
standard,entropic_log1p,5,All,Short,Entropic-log1p,Entropic-log1p · standard,invalid_rate,Invalid rate,lower,0,0,55
standard,entropic_log1p,5,All,Short,Entropic-log1p,Entropic-log1p · standard,infer_seconds_per_output,Seconds/output,lower,0.7790348805190827,0.004272977005074157,55
standard,entropic_log1p,5,All,Short,Entropic-log1p,Entropic-log1p · standard,trajectory_plddt_mean_all_frames,Trajectory pLDDT,higher,80.09129628268155,2.7489312968291904,55
standard,cosine,5,All,Short,Cosine,Cosine · standard,plddt_mean,pLDDT,higher,92.73367895646528,1.4430541178824186,55
standard,cosine,5,All,Short,Cosine,Cosine · standard,diversity,Diversity,higher,4.914061821590771,0.715933415141941,55
standard,cosine,5,All,Short,Cosine,Cosine · standard,rmsd_mean,Endpoint spread,higher,4.914061821590771,0.715933415141941,55
standard,cosine,5,All,Short,Cosine,Cosine · standard,invalid_rate,Invalid rate,lower,0,0,55
standard,cosine,5,All,Short,Cosine,Cosine · standard,infer_seconds_per_output,Seconds/output,lower,0.7796185500538824,0.004154885121444424,55
standard,cosine,5,All,Short,Cosine,Cosine · standard,trajectory_plddt_mean_all_frames,Trajectory pLDDT,higher,79.64602852214466,2.7797204442981225,55
standard,sigmoid,5,All,Short,Sigmoid,Sigmoid · standard,plddt_mean,pLDDT,higher,95.25940447720615,0.9891774726709166,55
standard,sigmoid,5,All,Short,Sigmoid,Sigmoid · standard,diversity,Diversity,higher,4.439881021326238,0.7968470113907946,55
standard,sigmoid,5,All,Short,Sigmoid,Sigmoid · standard,rmsd_mean,Endpoint spread,higher,4.439881021326238,0.7968470113907946,55
standard,sigmoid,5,All,Short,Sigmoid,Sigmoid · standard,invalid_rate,Invalid rate,lower,0,0,55
standard,sigmoid,5,All,Short,Sigmoid,Sigmoid · standard,infer_seconds_per_output,Seconds/output,lower,0.7789404122497547,0.003965482116179209,55
standard,sigmoid,5,All,Short,Sigmoid,Sigmoid · standard,trajectory_plddt_mean_all_frames,Trajectory pLDDT,higher,79.959371844205,2.7112666127406087,55
standard,power_2,5,All,Short,Power-2,Power-2 · standard,plddt_mean,pLDDT,higher,84.81414103074508,2.6434248294446365,55
standard,power_2,5,All,Short,Power-2,Power-2 · standard,diversity,Diversity,higher,5.169760632514953,0.9525617099788722,55
standard,power_2,5,All,Short,Power-2,Power-2 · standard,rmsd_mean,Endpoint spread,higher,5.169760632514953,0.9525617099788722,55
standard,power_2,5,All,Short,Power-2,Power-2 · standard,invalid_rate,Invalid rate,lower,0,0,55
standard,power_2,5,All,Short,Power-2,Power-2 · standard,infer_seconds_per_output,Seconds/output,lower,0.7798595846249637,0.004523795861325274,55
standard,power_2,5,All,Short,Power-2,Power-2 · standard,trajectory_plddt_mean_all_frames,Trajectory pLDDT,higher,75.78562772924246,3.1861068404366737,55
standard,linear,10,All,Short,Linear,Linear · standard,plddt_mean,pLDDT,higher,94.15212260159579,0.8801408005024116,55
standard,linear,10,All,Short,Linear,Linear · standard,diversity,Diversity,higher,6.260039323026484,0.9465409763929182,55
standard,linear,10,All,Short,Linear,Linear · standard,rmsd_mean,Endpoint spread,higher,6.260039323026484,0.9465409763929182,55
standard,linear,10,All,Short,Linear,Linear · standard,invalid_rate,Invalid rate,lower,0,0,55
standard,linear,10,All,Short,Linear,Linear · standard,infer_seconds_per_output,Seconds/output,lower,1.5594255632847887,0.00818710794274455,55
standard,linear,10,All,Short,Linear,Linear · standard,trajectory_plddt_mean_all_frames,Trajectory pLDDT,higher,81.57672146190295,2.522768704532001,55
standard,entropic,10,All,Short,Entropic,Entropic · standard,plddt_mean,pLDDT,higher,95.17258234891024,0.7271466393311988,55
standard,entropic,10,All,Short,Entropic,Entropic · standard,diversity,Diversity,higher,6.242454962296919,0.9261300322543095,55
standard,entropic,10,All,Short,Entropic,Entropic · standard,rmsd_mean,Endpoint spread,higher,6.242454962296919,0.9261300322543095,55
standard,entropic,10,All,Short,Entropic,Entropic · standard,invalid_rate,Invalid rate,lower,0,0,55
standard,entropic,10,All,Short,Entropic,Entropic · standard,infer_seconds_per_output,Seconds/output,lower,1.5566026890946723,0.008385652637597777,55
standard,entropic,10,All,Short,Entropic,Entropic · standard,trajectory_plddt_mean_all_frames,Trajectory pLDDT,higher,81.9786238757047,2.4844489733503203,55
standard,entropic_log1p,10,All,Short,Entropic-log1p,Entropic-log1p · standard,plddt_mean,pLDDT,higher,95.15528921647505,0.7487316788273135,55
standard,entropic_log1p,10,All,Short,Entropic-log1p,Entropic-log1p · standard,diversity,Diversity,higher,6.146200268918817,0.8999187204719059,55
standard,entropic_log1p,10,All,Short,Entropic-log1p,Entropic-log1p · standard,rmsd_mean,Endpoint spread,higher,6.146200268918817,0.8999187204719059,55
standard,entropic_log1p,10,All,Short,Entropic-log1p,Entropic-log1p · standard,invalid_rate,Invalid rate,lower,0,0,55
standard,entropic_log1p,10,All,Short,Entropic-log1p,Entropic-log1p · standard,infer_seconds_per_output,Seconds/output,lower,1.5574397599663248,0.00873178636841228,55
standard,entropic_log1p,10,All,Short,Entropic-log1p,Entropic-log1p · standard,trajectory_plddt_mean_all_frames,Trajectory pLDDT,higher,81.97710659373891,2.4954587085889623,55
standard,cosine,10,All,Short,Cosine,Cosine · standard,plddt_mean,pLDDT,higher,96.080555378307,0.6604560505312402,55
standard,cosine,10,All,Short,Cosine,Cosine · standard,diversity,Diversity,higher,5.912737495248968,0.9043363678648673,55
standard,cosine,10,All,Short,Cosine,Cosine · standard,rmsd_mean,Endpoint spread,higher,5.912737495248968,0.9043363678648673,55
standard,cosine,10,All,Short,Cosine,Cosine · standard,invalid_rate,Invalid rate,lower,0,0,55
standard,cosine,10,All,Short,Cosine,Cosine · standard,infer_seconds_per_output,Seconds/output,lower,1.5554095641540533,0.008493226927583471,55
standard,cosine,10,All,Short,Cosine,Cosine · standard,trajectory_plddt_mean_all_frames,Trajectory pLDDT,higher,81.5032787947221,2.538197486715543,55
standard,sigmoid,10,All,Short,Sigmoid,Sigmoid · standard,plddt_mean,pLDDT,higher,96.14948518926447,0.7988833639491628,55
standard,sigmoid,10,All,Short,Sigmoid,Sigmoid · standard,diversity,Diversity,higher,5.529123631390658,0.899526313154244,55
standard,sigmoid,10,All,Short,Sigmoid,Sigmoid · standard,rmsd_mean,Endpoint spread,higher,5.529123631390658,0.899526313154244,55
standard,sigmoid,10,All,Short,Sigmoid,Sigmoid · standard,invalid_rate,Invalid rate,lower,0,0,55
standard,sigmoid,10,All,Short,Sigmoid,Sigmoid · standard,infer_seconds_per_output,Seconds/output,lower,1.5575330509126863,0.00869490499874086,55
standard,sigmoid,10,All,Short,Sigmoid,Sigmoid · standard,trajectory_plddt_mean_all_frames,Trajectory pLDDT,higher,81.83527627944945,2.509379139411921,55
standard,power_2,10,All,Short,Power-2,Power-2 · standard,plddt_mean,pLDDT,higher,90.44187570051713,1.8163506376727772,55
standard,power_2,10,All,Short,Power-2,Power-2 · standard,diversity,Diversity,higher,6.095522648637945,1.0192287446610815,55
standard,power_2,10,All,Short,Power-2,Power-2 · standard,rmsd_mean,Endpoint spread,higher,6.095522648637945,1.0192287446610815,55
standard,power_2,10,All,Short,Power-2,Power-2 · standard,invalid_rate,Invalid rate,lower,0,0,55
standard,power_2,10,All,Short,Power-2,Power-2 · standard,infer_seconds_per_output,Seconds/output,lower,1.5551393432754346,0.0077461407427494204,55
standard,power_2,10,All,Short,Power-2,Power-2 · standard,trajectory_plddt_mean_all_frames,Trajectory pLDDT,higher,77.39684452750468,3.075923725309446,55
standard,linear,25,All,Short,Linear,Linear · standard,plddt_mean,pLDDT,higher,95.81578726335006,0.5075809303353868,55
standard,linear,25,All,Short,Linear,Linear · standard,diversity,Diversity,higher,6.974296671693975,0.977631076268768,55
standard,linear,25,All,Short,Linear,Linear · standard,rmsd_mean,Endpoint spread,higher,6.974296671693975,0.977631076268768,55
standard,linear,25,All,Short,Linear,Linear · standard,invalid_rate,Invalid rate,lower,0,0,55
standard,linear,25,All,Short,Linear,Linear · standard,infer_seconds_per_output,Seconds/output,lower,3.8933913648382505,0.021202980391017,55
standard,linear,25,All,Short,Linear,Linear · standard,trajectory_plddt_mean_all_frames,Trajectory pLDDT,higher,82.94782603315872,2.2963224106181643,55
standard,entropic,25,All,Short,Entropic,Entropic · standard,plddt_mean,pLDDT,higher,96.27363908941095,0.4903866979211774,55
standard,entropic,25,All,Short,Entropic,Entropic · standard,diversity,Diversity,higher,6.833925880085339,0.9575298472422378,55
standard,entropic,25,All,Short,Entropic,Entropic · standard,rmsd_mean,Endpoint spread,higher,6.833925880085339,0.9575298472422378,55
standard,entropic,25,All,Short,Entropic,Entropic · standard,invalid_rate,Invalid rate,lower,0,0,55
standard,entropic,25,All,Short,Entropic,Entropic · standard,infer_seconds_per_output,Seconds/output,lower,3.8942482903345743,0.01970635703833535,55
standard,entropic,25,All,Short,Entropic,Entropic · standard,trajectory_plddt_mean_all_frames,Trajectory pLDDT,higher,83.3553558106856,2.265307395352948,55
standard,entropic_log1p,25,All,Short,Entropic-log1p,Entropic-log1p · standard,plddt_mean,pLDDT,higher,96.26316063620827,0.5018229164088825,55
standard,entropic_log1p,25,All,Short,Entropic-log1p,Entropic-log1p · standard,diversity,Diversity,higher,6.84470928365534,0.9817281128753093,55
standard,entropic_log1p,25,All,Short,Entropic-log1p,Entropic-log1p · standard,rmsd_mean,Endpoint spread,higher,6.84470928365534,0.9817281128753093,55
standard,entropic_log1p,25,All,Short,Entropic-log1p,Entropic-log1p · standard,invalid_rate,Invalid rate,lower,0,0,55
standard,entropic_log1p,25,All,Short,Entropic-log1p,Entropic-log1p · standard,infer_seconds_per_output,Seconds/output,lower,3.8853319720915436,0.019674476101026166,55
standard,entropic_log1p,25,All,Short,Entropic-log1p,Entropic-log1p · standard,trajectory_plddt_mean_all_frames,Trajectory pLDDT,higher,83.40975430228494,2.2405980606914495,55
standard,cosine,25,All,Short,Cosine,Cosine · standard,plddt_mean,pLDDT,higher,96.07257423400878,0.5425616571812872,55
standard,cosine,25,All,Short,Cosine,Cosine · standard,diversity,Diversity,higher,6.4804847717285154,0.8733217638928732,55
standard,cosine,25,All,Short,Cosine,Cosine · standard,rmsd_mean,Endpoint spread,higher,6.4804847717285154,0.8733217638928732,55
standard,cosine,25,All,Short,Cosine,Cosine · standard,invalid_rate,Invalid rate,lower,0,0,55
standard,cosine,25,All,Short,Cosine,Cosine · standard,infer_seconds_per_output,Seconds/output,lower,3.8939383690330116,0.020365784559877403,55
standard,cosine,25,All,Short,Cosine,Cosine · standard,trajectory_plddt_mean_all_frames,Trajectory pLDDT,higher,82.97815232641047,2.292984092376017,55
standard,sigmoid,25,All,Short,Sigmoid,Sigmoid · standard,plddt_mean,pLDDT,higher,95.64062482660466,0.7103537181978798,55
standard,sigmoid,25,All,Short,Sigmoid,Sigmoid · standard,diversity,Diversity,higher,6.1179242610931395,0.8358059898053951,55
standard,sigmoid,25,All,Short,Sigmoid,Sigmoid · standard,rmsd_mean,Endpoint spread,higher,6.1179242610931395,0.8358059898053951,55
standard,sigmoid,25,All,Short,Sigmoid,Sigmoid · standard,invalid_rate,Invalid rate,lower,0,0,55
standard,sigmoid,25,All,Short,Sigmoid,Sigmoid · standard,infer_seconds_per_output,Seconds/output,lower,3.8918704011689194,0.01875121918117389,55
standard,sigmoid,25,All,Short,Sigmoid,Sigmoid · standard,trajectory_plddt_mean_all_frames,Trajectory pLDDT,higher,83.18846664636783,2.2755183917445256,55
standard,power_2,25,All,Short,Power-2,Power-2 · standard,plddt_mean,pLDDT,higher,94.86589029485529,0.7802109118548763,55
standard,power_2,25,All,Short,Power-2,Power-2 · standard,diversity,Diversity,higher,6.742497478831898,0.9657593680183626,55
standard,power_2,25,All,Short,Power-2,Power-2 · standard,rmsd_mean,Endpoint spread,higher,6.742497478831898,0.9657593680183626,55
standard,power_2,25,All,Short,Power-2,Power-2 · standard,invalid_rate,Invalid rate,lower,0,0,55
standard,power_2,25,All,Short,Power-2,Power-2 · standard,infer_seconds_per_output,Seconds/output,lower,3.8897559354462747,0.02119596533054049,55
standard,power_2,25,All,Short,Power-2,Power-2 · standard,trajectory_plddt_mean_all_frames,Trajectory pLDDT,higher,78.96460372994166,2.8679772132826993,55
standard,linear,5,All,Medium,Linear,Linear · standard,plddt_mean,pLDDT,higher,93.10123686971544,0.6087906835622111,395
standard,linear,5,All,Medium,Linear,Linear · standard,diversity,Diversity,higher,6.959847040568726,0.561271897050166,395
standard,linear,5,All,Medium,Linear,Linear · standard,rmsd_mean,Endpoint spread,higher,6.959847040568726,0.561271897050166,395
standard,linear,5,All,Medium,Linear,Linear · standard,invalid_rate,Invalid rate,lower,0,0,395
standard,linear,5,All,Medium,Linear,Linear · standard,infer_seconds_per_output,Seconds/output,lower,1.6521124060399819,0.095929051229451,395
standard,linear,5,All,Medium,Linear,Linear · standard,trajectory_plddt_mean_all_frames,Trajectory pLDDT,higher,86.76395714578753,1.0147703345296755,395
standard,entropic,5,All,Medium,Entropic,Entropic · standard,plddt_mean,pLDDT,higher,93.57577375339557,0.5707669534892785,395
standard,entropic,5,All,Medium,Entropic,Entropic · standard,diversity,Diversity,higher,6.952747115455097,0.5670638309179729,395
standard,entropic,5,All,Medium,Entropic,Entropic · standard,rmsd_mean,Endpoint spread,higher,6.952747115455097,0.5670638309179729,395
standard,entropic,5,All,Medium,Entropic,Entropic · standard,invalid_rate,Invalid rate,lower,0,0,395
standard,entropic,5,All,Medium,Entropic,Entropic · standard,infer_seconds_per_output,Seconds/output,lower,1.6496899163907488,0.09570841087318721,395
standard,entropic,5,All,Medium,Entropic,Entropic · standard,trajectory_plddt_mean_all_frames,Trajectory pLDDT,higher,86.96326369949533,0.9984976885539258,395
standard,entropic_log1p,5,All,Medium,Entropic-log1p,Entropic-log1p · standard,plddt_mean,pLDDT,higher,93.57219053340863,0.5709119971476821,395
standard,entropic_log1p,5,All,Medium,Entropic-log1p,Entropic-log1p · standard,diversity,Diversity,higher,6.9346249348000635,0.5630469072542693,395
standard,entropic_log1p,5,All,Medium,Entropic-log1p,Entropic-log1p · standard,rmsd_mean,Endpoint spread,higher,6.9346249348000635,0.5630469072542693,395
standard,entropic_log1p,5,All,Medium,Entropic-log1p,Entropic-log1p · standard,invalid_rate,Invalid rate,lower,0,0,395
standard,entropic_log1p,5,All,Medium,Entropic-log1p,Entropic-log1p · standard,infer_seconds_per_output,Seconds/output,lower,1.649502403577613,0.0957253461977458,395
standard,entropic_log1p,5,All,Medium,Entropic-log1p,Entropic-log1p · standard,trajectory_plddt_mean_all_frames,Trajectory pLDDT,higher,86.96139492228055,0.9991285722903925,395
standard,cosine,5,All,Medium,Cosine,Cosine · standard,plddt_mean,pLDDT,higher,95.23326949831805,0.470832911740309,395
standard,cosine,5,All,Medium,Cosine,Cosine · standard,diversity,Diversity,higher,6.277324703071691,0.5303150088491678,395
standard,cosine,5,All,Medium,Cosine,Cosine · standard,rmsd_mean,Endpoint spread,higher,6.277324703071691,0.5303150088491678,395
standard,cosine,5,All,Medium,Cosine,Cosine · standard,invalid_rate,Invalid rate,lower,0,0,395
standard,cosine,5,All,Medium,Cosine,Cosine · standard,infer_seconds_per_output,Seconds/output,lower,1.6502827796626753,0.09581485667138637,395
standard,cosine,5,All,Medium,Cosine,Cosine · standard,trajectory_plddt_mean_all_frames,Trajectory pLDDT,higher,87.08045255202278,0.9983409083543707,395
standard,sigmoid,5,All,Medium,Sigmoid,Sigmoid · standard,plddt_mean,pLDDT,higher,97.49371589950368,0.25926902513122696,395
standard,sigmoid,5,All,Medium,Sigmoid,Sigmoid · standard,diversity,Diversity,higher,5.183804634100274,0.4856515363157712,395
standard,sigmoid,5,All,Medium,Sigmoid,Sigmoid · standard,rmsd_mean,Endpoint spread,higher,5.183804634100274,0.4856515363157712,395
standard,sigmoid,5,All,Medium,Sigmoid,Sigmoid · standard,invalid_rate,Invalid rate,lower,0,0,395
standard,sigmoid,5,All,Medium,Sigmoid,Sigmoid · standard,infer_seconds_per_output,Seconds/output,lower,1.650001567991486,0.09580810213225778,395
standard,sigmoid,5,All,Medium,Sigmoid,Sigmoid · standard,trajectory_plddt_mean_all_frames,Trajectory pLDDT,higher,87.60892374738859,0.9650723307640624,395
standard,power_2,5,All,Medium,Power-2,Power-2 · standard,plddt_mean,pLDDT,higher,90.91919450639169,0.7983380693379015,395
standard,power_2,5,All,Medium,Power-2,Power-2 · standard,diversity,Diversity,higher,6.736586452737639,0.5929789910923942,395
standard,power_2,5,All,Medium,Power-2,Power-2 · standard,rmsd_mean,Endpoint spread,higher,6.736586452737639,0.5929789910923942,395
standard,power_2,5,All,Medium,Power-2,Power-2 · standard,invalid_rate,Invalid rate,lower,0,0,395
standard,power_2,5,All,Medium,Power-2,Power-2 · standard,infer_seconds_per_output,Seconds/output,lower,1.6496548568518963,0.0957385702547891,395
standard,power_2,5,All,Medium,Power-2,Power-2 · standard,trajectory_plddt_mean_all_frames,Trajectory pLDDT,higher,85.15629659145691,1.1439839564325935,395
standard,linear,10,All,Medium,Linear,Linear · standard,plddt_mean,pLDDT,higher,95.07592394865011,0.3133059825611341,395
standard,linear,10,All,Medium,Linear,Linear · standard,diversity,Diversity,higher,8.226453071908105,0.5976380361120408,395
standard,linear,10,All,Medium,Linear,Linear · standard,rmsd_mean,Endpoint spread,higher,8.226453071908105,0.5976380361120408,395
standard,linear,10,All,Medium,Linear,Linear · standard,invalid_rate,Invalid rate,lower,0,0,395
standard,linear,10,All,Medium,Linear,Linear · standard,infer_seconds_per_output,Seconds/output,lower,3.296652184510928,0.1916008075553769,395
standard,linear,10,All,Medium,Linear,Linear · standard,trajectory_plddt_mean_all_frames,Trajectory pLDDT,higher,88.40178490336933,0.8845388930567216,395
standard,entropic,10,All,Medium,Entropic,Entropic · standard,plddt_mean,pLDDT,higher,96.01727484690993,0.24373430513608477,395
standard,entropic,10,All,Medium,Entropic,Entropic · standard,diversity,Diversity,higher,8.063909747630735,0.5923019946231602,395
standard,entropic,10,All,Medium,Entropic,Entropic · standard,rmsd_mean,Endpoint spread,higher,8.063909747630735,0.5923019946231602,395
standard,entropic,10,All,Medium,Entropic,Entropic · standard,invalid_rate,Invalid rate,lower,0,0,395
standard,entropic,10,All,Medium,Entropic,Entropic · standard,infer_seconds_per_output,Seconds/output,lower,3.2948168496577708,0.19155656289110712,395
standard,entropic,10,All,Medium,Entropic,Entropic · standard,trajectory_plddt_mean_all_frames,Trajectory pLDDT,higher,88.63416048774228,0.8664210544075733,395
standard,entropic_log1p,10,All,Medium,Entropic-log1p,Entropic-log1p · standard,plddt_mean,pLDDT,higher,96.00852144458626,0.24705480502869417,395
standard,entropic_log1p,10,All,Medium,Entropic-log1p,Entropic-log1p · standard,diversity,Diversity,higher,8.064676576928248,0.5954189668531781,395
standard,entropic_log1p,10,All,Medium,Entropic-log1p,Entropic-log1p · standard,rmsd_mean,Endpoint spread,higher,8.064676576928248,0.5954189668531781,395
standard,entropic_log1p,10,All,Medium,Entropic-log1p,Entropic-log1p · standard,invalid_rate,Invalid rate,lower,0,0,395
standard,entropic_log1p,10,All,Medium,Entropic-log1p,Entropic-log1p · standard,infer_seconds_per_output,Seconds/output,lower,3.2965386895154887,0.19180104570440248,395
standard,entropic_log1p,10,All,Medium,Entropic-log1p,Entropic-log1p · standard,trajectory_plddt_mean_all_frames,Trajectory pLDDT,higher,88.63077477249921,0.8676259592484236,395
standard,cosine,10,All,Medium,Cosine,Cosine · standard,plddt_mean,pLDDT,higher,97.56737895434416,0.1326913525391978,395
standard,cosine,10,All,Medium,Cosine,Cosine · standard,diversity,Diversity,higher,7.424552902088889,0.5628170267047212,395
standard,cosine,10,All,Medium,Cosine,Cosine · standard,rmsd_mean,Endpoint spread,higher,7.424552902088889,0.5628170267047212,395
standard,cosine,10,All,Medium,Cosine,Cosine · standard,invalid_rate,Invalid rate,lower,0,0,395
standard,cosine,10,All,Medium,Cosine,Cosine · standard,infer_seconds_per_output,Seconds/output,lower,3.2944649141255318,0.19157012011995292,395
standard,cosine,10,All,Medium,Cosine,Cosine · standard,trajectory_plddt_mean_all_frames,Trajectory pLDDT,higher,88.75882113686093,0.873469062263775,395
standard,sigmoid,10,All,Medium,Sigmoid,Sigmoid · standard,plddt_mean,pLDDT,higher,98.10641644151904,0.08279394003075628,395
standard,sigmoid,10,All,Medium,Sigmoid,Sigmoid · standard,diversity,Diversity,higher,6.765088849731638,0.5426249353480211,395
standard,sigmoid,10,All,Medium,Sigmoid,Sigmoid · standard,rmsd_mean,Endpoint spread,higher,6.765088849731638,0.5426249353480211,395
standard,sigmoid,10,All,Medium,Sigmoid,Sigmoid · standard,invalid_rate,Invalid rate,lower,0,0,395
standard,sigmoid,10,All,Medium,Sigmoid,Sigmoid · standard,infer_seconds_per_output,Seconds/output,lower,3.2946642486257716,0.19144363073534656,395
standard,sigmoid,10,All,Medium,Sigmoid,Sigmoid · standard,trajectory_plddt_mean_all_frames,Trajectory pLDDT,higher,89.17730289169504,0.853656616673236,395
standard,power_2,10,All,Medium,Power-2,Power-2 · standard,plddt_mean,pLDDT,higher,93.99491991936407,0.5179922616989275,395
standard,power_2,10,All,Medium,Power-2,Power-2 · standard,diversity,Diversity,higher,8.18834539425524,0.6488580950488774,395
standard,power_2,10,All,Medium,Power-2,Power-2 · standard,rmsd_mean,Endpoint spread,higher,8.18834539425524,0.6488580950488774,395
standard,power_2,10,All,Medium,Power-2,Power-2 · standard,invalid_rate,Invalid rate,lower,0,0,395
standard,power_2,10,All,Medium,Power-2,Power-2 · standard,infer_seconds_per_output,Seconds/output,lower,3.295968777724966,0.19173382944412906,395
standard,power_2,10,All,Medium,Power-2,Power-2 · standard,trajectory_plddt_mean_all_frames,Trajectory pLDDT,higher,86.62440840757347,1.0639750541076731,395
standard,linear,25,All,Medium,Linear,Linear · standard,plddt_mean,pLDDT,higher,96.2496574015557,0.1232326856491556,395
standard,linear,25,All,Medium,Linear,Linear · standard,diversity,Diversity,higher,9.229837353018265,0.6641467232642543,395
standard,linear,25,All,Medium,Linear,Linear · standard,rmsd_mean,Endpoint spread,higher,9.229837353018265,0.6641467232642543,395
standard,linear,25,All,Medium,Linear,Linear · standard,invalid_rate,Invalid rate,lower,0,0,395
standard,linear,25,All,Medium,Linear,Linear · standard,infer_seconds_per_output,Seconds/output,lower,8.234172134161957,0.4794725254929478,395
standard,linear,25,All,Medium,Linear,Linear · standard,trajectory_plddt_mean_all_frames,Trajectory pLDDT,higher,89.28060894533957,0.772550915206887,395
standard,entropic,25,All,Medium,Entropic,Entropic · standard,plddt_mean,pLDDT,higher,97.47268596118009,0.06775893935161703,395
standard,entropic,25,All,Medium,Entropic,Entropic · standard,diversity,Diversity,higher,8.941777605950078,0.6457794108866711,395
standard,entropic,25,All,Medium,Entropic,Entropic · standard,rmsd_mean,Endpoint spread,higher,8.941777605950078,0.6457794108866711,395
standard,entropic,25,All,Medium,Entropic,Entropic · standard,invalid_rate,Invalid rate,lower,0,0,395
standard,entropic,25,All,Medium,Entropic,Entropic · standard,infer_seconds_per_output,Seconds/output,lower,8.237845265477029,0.47979196765729754,395
standard,entropic,25,All,Medium,Entropic,Entropic · standard,trajectory_plddt_mean_all_frames,Trajectory pLDDT,higher,89.53765049627764,0.7525053463969275,395
standard,entropic_log1p,25,All,Medium,Entropic-log1p,Entropic-log1p · standard,plddt_mean,pLDDT,higher,97.4789789899995,0.06688744413702072,395
standard,entropic_log1p,25,All,Medium,Entropic-log1p,Entropic-log1p · standard,diversity,Diversity,higher,8.91736728179304,0.6371669985954111,395
standard,entropic_log1p,25,All,Medium,Entropic-log1p,Entropic-log1p · standard,rmsd_mean,Endpoint spread,higher,8.91736728179304,0.6371669985954111,395
standard,entropic_log1p,25,All,Medium,Entropic-log1p,Entropic-log1p · standard,invalid_rate,Invalid rate,lower,0,0,395
standard,entropic_log1p,25,All,Medium,Entropic-log1p,Entropic-log1p · standard,infer_seconds_per_output,Seconds/output,lower,8.232982140307055,0.4794720244371199,395
standard,entropic_log1p,25,All,Medium,Entropic-log1p,Entropic-log1p · standard,trajectory_plddt_mean_all_frames,Trajectory pLDDT,higher,89.54880762153333,0.749438577328379,395
standard,cosine,25,All,Medium,Cosine,Cosine · standard,plddt_mean,pLDDT,higher,97.53854851058767,0.06237508458076373,395
standard,cosine,25,All,Medium,Cosine,Cosine · standard,diversity,Diversity,higher,8.886533435085152,0.6479398845779557,395
standard,cosine,25,All,Medium,Cosine,Cosine · standard,rmsd_mean,Endpoint spread,higher,8.886533435085152,0.6479398845779557,395
standard,cosine,25,All,Medium,Cosine,Cosine · standard,invalid_rate,Invalid rate,lower,0,0,395
standard,cosine,25,All,Medium,Cosine,Cosine · standard,infer_seconds_per_output,Seconds/output,lower,8.233736319523276,0.47935408049436884,395
standard,cosine,25,All,Medium,Cosine,Cosine · standard,trajectory_plddt_mean_all_frames,Trajectory pLDDT,higher,89.55968569627596,0.7738042999344886,395
standard,sigmoid,25,All,Medium,Sigmoid,Sigmoid · standard,plddt_mean,pLDDT,higher,97.55019425017925,0.06063044889824098,395
standard,sigmoid,25,All,Medium,Sigmoid,Sigmoid · standard,diversity,Diversity,higher,8.341698657108259,0.6337021714995481,395
standard,sigmoid,25,All,Medium,Sigmoid,Sigmoid · standard,rmsd_mean,Endpoint spread,higher,8.341698657108259,0.6337021714995481,395
standard,sigmoid,25,All,Medium,Sigmoid,Sigmoid · standard,invalid_rate,Invalid rate,lower,0,0,395
standard,sigmoid,25,All,Medium,Sigmoid,Sigmoid · standard,infer_seconds_per_output,Seconds/output,lower,8.23629023160423,0.479761588521475,395
standard,sigmoid,25,All,Medium,Sigmoid,Sigmoid · standard,trajectory_plddt_mean_all_frames,Trajectory pLDDT,higher,89.98178341684462,0.7644271777173111,395
standard,power_2,25,All,Medium,Power-2,Power-2 · standard,plddt_mean,pLDDT,higher,95.26940405640421,0.22164297610054723,395
standard,power_2,25,All,Medium,Power-2,Power-2 · standard,diversity,Diversity,higher,9.200137184843232,0.6788292393313083,395
standard,power_2,25,All,Medium,Power-2,Power-2 · standard,rmsd_mean,Endpoint spread,higher,9.200137184843232,0.6788292393313083,395
standard,power_2,25,All,Medium,Power-2,Power-2 · standard,invalid_rate,Invalid rate,lower,0,0,395
standard,power_2,25,All,Medium,Power-2,Power-2 · standard,infer_seconds_per_output,Seconds/output,lower,8.231500322846665,0.479191326827326,395
standard,power_2,25,All,Medium,Power-2,Power-2 · standard,trajectory_plddt_mean_all_frames,Trajectory pLDDT,higher,87.63435422660734,0.9772398217789388,395
standard,linear,5,All,Large,Linear,Linear · standard,plddt_mean,pLDDT,higher,94.27227070292489,0.5740152163728103,122
standard,linear,5,All,Large,Linear,Linear · standard,diversity,Diversity,higher,10.575180579404362,1.214435636015452,122
standard,linear,5,All,Large,Linear,Linear · standard,rmsd_mean,Endpoint spread,higher,10.575180579404362,1.214435636015452,122
standard,linear,5,All,Large,Linear,Linear · standard,invalid_rate,Invalid rate,lower,0,0,122
standard,linear,5,All,Large,Linear,Linear · standard,infer_seconds_per_output,Seconds/output,lower,10.355057109473655,0.8118413061151535,122
standard,linear,5,All,Large,Linear,Linear · standard,trajectory_plddt_mean_all_frames,Trajectory pLDDT,higher,89.50966743406703,0.9111568284565459,122
standard,entropic,5,All,Large,Entropic,Entropic · standard,plddt_mean,pLDDT,higher,94.65745270770529,0.5618689808314152,115
standard,entropic,5,All,Large,Entropic,Entropic · standard,diversity,Diversity,higher,10.404865671240765,1.2893332469468712,115
standard,entropic,5,All,Large,Entropic,Entropic · standard,rmsd_mean,Endpoint spread,higher,10.404865671240765,1.2893332469468712,115
standard,entropic,5,All,Large,Entropic,Entropic · standard,invalid_rate,Invalid rate,lower,0,0,115
standard,entropic,5,All,Large,Entropic,Entropic · standard,infer_seconds_per_output,Seconds/output,lower,10.194027157120772,0.8325982318236733,115
standard,entropic,5,All,Large,Entropic,Entropic · standard,trajectory_plddt_mean_all_frames,Trajectory pLDDT,higher,89.76136799687926,0.929518227565644,115
standard,entropic_log1p,5,All,Large,Entropic-log1p,Entropic-log1p · standard,plddt_mean,pLDDT,higher,94.66969388878864,0.5585364856437677,115
standard,entropic_log1p,5,All,Large,Entropic-log1p,Entropic-log1p · standard,diversity,Diversity,higher,10.404855317654818,1.282607907928026,115
standard,entropic_log1p,5,All,Large,Entropic-log1p,Entropic-log1p · standard,rmsd_mean,Endpoint spread,higher,10.404855317654818,1.282607907928026,115
standard,entropic_log1p,5,All,Large,Entropic-log1p,Entropic-log1p · standard,invalid_rate,Invalid rate,lower,0,0,115
standard,entropic_log1p,5,All,Large,Entropic-log1p,Entropic-log1p · standard,infer_seconds_per_output,Seconds/output,lower,10.20608161933386,0.8346147109212665,115
standard,entropic_log1p,5,All,Large,Entropic-log1p,Entropic-log1p · standard,trajectory_plddt_mean_all_frames,Trajectory pLDDT,higher,89.76776719798215,0.9281971083999971,115
standard,cosine,5,All,Large,Cosine,Cosine · standard,plddt_mean,pLDDT,higher,95.92034385550735,0.44865122224610854,117
standard,cosine,5,All,Large,Cosine,Cosine · standard,diversity,Diversity,higher,9.635947298799824,1.2494942781074956,117
standard,cosine,5,All,Large,Cosine,Cosine · standard,rmsd_mean,Endpoint spread,higher,9.635947298799824,1.2494942781074956,117
standard,cosine,5,All,Large,Cosine,Cosine · standard,invalid_rate,Invalid rate,lower,0,0,117
standard,cosine,5,All,Large,Cosine,Cosine · standard,infer_seconds_per_output,Seconds/output,lower,10.224892144859073,0.8244868934624398,117
standard,cosine,5,All,Large,Cosine,Cosine · standard,trajectory_plddt_mean_all_frames,Trajectory pLDDT,higher,89.81120693500226,0.9165595881716477,117
standard,sigmoid,5,All,Large,Sigmoid,Sigmoid · standard,plddt_mean,pLDDT,higher,97.81626464180324,0.2302543691586661,115
standard,sigmoid,5,All,Large,Sigmoid,Sigmoid · standard,diversity,Diversity,higher,7.305335743530937,1.0708969615761976,115
standard,sigmoid,5,All,Large,Sigmoid,Sigmoid · standard,rmsd_mean,Endpoint spread,higher,7.305335743530937,1.0708969615761976,115
standard,sigmoid,5,All,Large,Sigmoid,Sigmoid · standard,invalid_rate,Invalid rate,lower,0,0,115
standard,sigmoid,5,All,Large,Sigmoid,Sigmoid · standard,infer_seconds_per_output,Seconds/output,lower,10.197271558571526,0.8301591855493838,115
standard,sigmoid,5,All,Large,Sigmoid,Sigmoid · standard,trajectory_plddt_mean_all_frames,Trajectory pLDDT,higher,90.3319906864995,0.8785614247912313,115
standard,power_2,5,All,Large,Power-2,Power-2 · standard,plddt_mean,pLDDT,higher,92.53793822578761,0.7303282725155262,115
standard,power_2,5,All,Large,Power-2,Power-2 · standard,diversity,Diversity,higher,9.178053072224493,1.1342500536196451,115
standard,power_2,5,All,Large,Power-2,Power-2 · standard,rmsd_mean,Endpoint spread,higher,9.178053072224493,1.1342500536196451,115
standard,power_2,5,All,Large,Power-2,Power-2 · standard,invalid_rate,Invalid rate,lower,0,0,115
standard,power_2,5,All,Large,Power-2,Power-2 · standard,infer_seconds_per_output,Seconds/output,lower,10.194568199931604,0.8335905921342283,115
standard,power_2,5,All,Large,Power-2,Power-2 · standard,trajectory_plddt_mean_all_frames,Trajectory pLDDT,higher,88.4903491642164,1.0274150626540235,115
standard,linear,10,All,Large,Linear,Linear · standard,plddt_mean,pLDDT,higher,94.29539822723906,0.2967244855919185,118
standard,linear,10,All,Large,Linear,Linear · standard,diversity,Diversity,higher,12.413246637683804,1.4170779132453588,118
standard,linear,10,All,Large,Linear,Linear · standard,rmsd_mean,Endpoint spread,higher,12.413246637683804,1.4170779132453588,118
standard,linear,10,All,Large,Linear,Linear · standard,invalid_rate,Invalid rate,lower,0,0,118
standard,linear,10,All,Large,Linear,Linear · standard,infer_seconds_per_output,Seconds/output,lower,20.570833784616376,1.6522843754854457,118
standard,linear,10,All,Large,Linear,Linear · standard,trajectory_plddt_mean_all_frames,Trajectory pLDDT,higher,90.6860614695792,0.7853823775761747,118
standard,entropic,10,All,Large,Entropic,Entropic · standard,plddt_mean,pLDDT,higher,95.07331133303435,0.2484216416981253,115
standard,entropic,10,All,Large,Entropic,Entropic · standard,diversity,Diversity,higher,12.349249437580937,1.4353707191197989,115
standard,entropic,10,All,Large,Entropic,Entropic · standard,rmsd_mean,Endpoint spread,higher,12.349249437580937,1.4353707191197989,115
standard,entropic,10,All,Large,Entropic,Entropic · standard,invalid_rate,Invalid rate,lower,0,0,115
standard,entropic,10,All,Large,Entropic,Entropic · standard,infer_seconds_per_output,Seconds/output,lower,20.40576539999127,1.6640881135059151,115
standard,entropic,10,All,Large,Entropic,Entropic · standard,trajectory_plddt_mean_all_frames,Trajectory pLDDT,higher,90.84451855783877,0.7846104636850715,115
standard,entropic_log1p,10,All,Large,Entropic-log1p,Entropic-log1p · standard,plddt_mean,pLDDT,higher,95.14051788993504,0.24184795682015356,115
standard,entropic_log1p,10,All,Large,Entropic-log1p,Entropic-log1p · standard,diversity,Diversity,higher,12.108900627882583,1.3905702353871614,115
standard,entropic_log1p,10,All,Large,Entropic-log1p,Entropic-log1p · standard,rmsd_mean,Endpoint spread,higher,12.108900627882583,1.3905702353871614,115
standard,entropic_log1p,10,All,Large,Entropic-log1p,Entropic-log1p · standard,invalid_rate,Invalid rate,lower,0,0,115
standard,entropic_log1p,10,All,Large,Entropic-log1p,Entropic-log1p · standard,infer_seconds_per_output,Seconds/output,lower,20.383343114539393,1.6618881458041104,115
standard,entropic_log1p,10,All,Large,Entropic-log1p,Entropic-log1p · standard,trajectory_plddt_mean_all_frames,Trajectory pLDDT,higher,90.85667544821031,0.7830378680327952,115
standard,cosine,10,All,Large,Cosine,Cosine · standard,plddt_mean,pLDDT,higher,97.08916157127446,0.12680790372041364,117
standard,cosine,10,All,Large,Cosine,Cosine · standard,diversity,Diversity,higher,10.925810787412855,1.3889087512441407,117
standard,cosine,10,All,Large,Cosine,Cosine · standard,rmsd_mean,Endpoint spread,higher,10.925810787412855,1.3889087512441407,117
standard,cosine,10,All,Large,Cosine,Cosine · standard,invalid_rate,Invalid rate,lower,0,0,117
standard,cosine,10,All,Large,Cosine,Cosine · standard,infer_seconds_per_output,Seconds/output,lower,20.63639963035816,1.6662491212758608,117
standard,cosine,10,All,Large,Cosine,Cosine · standard,trajectory_plddt_mean_all_frames,Trajectory pLDDT,higher,91.10427454434908,0.74900799280209,117
standard,sigmoid,10,All,Large,Sigmoid,Sigmoid · standard,plddt_mean,pLDDT,higher,97.95061131352963,0.07584180427335656,115
standard,sigmoid,10,All,Large,Sigmoid,Sigmoid · standard,diversity,Diversity,higher,9.529924817707228,1.3644659557223295,115
standard,sigmoid,10,All,Large,Sigmoid,Sigmoid · standard,rmsd_mean,Endpoint spread,higher,9.529924817707228,1.3644659557223295,115
standard,sigmoid,10,All,Large,Sigmoid,Sigmoid · standard,invalid_rate,Invalid rate,lower,0,0,115
standard,sigmoid,10,All,Large,Sigmoid,Sigmoid · standard,infer_seconds_per_output,Seconds/output,lower,20.391786335276077,1.6665064797159252,115
standard,sigmoid,10,All,Large,Sigmoid,Sigmoid · standard,trajectory_plddt_mean_all_frames,Trajectory pLDDT,higher,91.56856255406916,0.7280888455557495,115
standard,power_2,10,All,Large,Power-2,Power-2 · standard,plddt_mean,pLDDT,higher,94.89457830360958,0.4532534394015343,112
standard,power_2,10,All,Large,Power-2,Power-2 · standard,diversity,Diversity,higher,11.998716622591019,1.3447015045315343,112
standard,power_2,10,All,Large,Power-2,Power-2 · standard,rmsd_mean,Endpoint spread,higher,11.998716622591019,1.3447015045315343,112
standard,power_2,10,All,Large,Power-2,Power-2 · standard,invalid_rate,Invalid rate,lower,0,0,112
standard,power_2,10,All,Large,Power-2,Power-2 · standard,infer_seconds_per_output,Seconds/output,lower,20.319474404349812,1.6630569807042046,112
standard,power_2,10,All,Large,Power-2,Power-2 · standard,trajectory_plddt_mean_all_frames,Trajectory pLDDT,higher,89.78098708561488,0.9111585977932468,112
standard,linear,25,All,Large,Linear,Linear · standard,plddt_mean,pLDDT,higher,94.1248942142775,0.11568834857456958,119
standard,linear,25,All,Large,Linear,Linear · standard,diversity,Diversity,higher,12.605993701630279,1.420581680097369,119
standard,linear,25,All,Large,Linear,Linear · standard,rmsd_mean,Endpoint spread,higher,12.605993701630279,1.420581680097369,119
standard,linear,25,All,Large,Linear,Linear · standard,invalid_rate,Invalid rate,lower,0,0,119
standard,linear,25,All,Large,Linear,Linear · standard,infer_seconds_per_output,Seconds/output,lower,51.74315184707452,4.124114881499585,119
standard,linear,25,All,Large,Linear,Linear · standard,trajectory_plddt_mean_all_frames,Trajectory pLDDT,higher,90.9534428341649,0.6101757035886853,119
standard,entropic,25,All,Large,Entropic,Entropic · standard,plddt_mean,pLDDT,higher,96.10670801245648,0.08313281060122872,115
standard,entropic,25,All,Large,Entropic,Entropic · standard,diversity,Diversity,higher,11.811582938484523,1.4572990340852512,115
standard,entropic,25,All,Large,Entropic,Entropic · standard,rmsd_mean,Endpoint spread,higher,11.811582938484523,1.4572990340852512,115
standard,entropic,25,All,Large,Entropic,Entropic · standard,invalid_rate,Invalid rate,lower,0,0,115
standard,entropic,25,All,Large,Entropic,Entropic · standard,infer_seconds_per_output,Seconds/output,lower,50.945978204654935,4.14623808625382,115
standard,entropic,25,All,Large,Entropic,Entropic · standard,trajectory_plddt_mean_all_frames,Trajectory pLDDT,higher,91.12024042875872,0.6133825982867059,115
standard,entropic_log1p,25,All,Large,Entropic-log1p,Entropic-log1p · standard,plddt_mean,pLDDT,higher,96.15052640121596,0.0799907993772902,113
standard,entropic_log1p,25,All,Large,Entropic-log1p,Entropic-log1p · standard,diversity,Diversity,higher,11.638657766105855,1.417864955017768,113
standard,entropic_log1p,25,All,Large,Entropic-log1p,Entropic-log1p · standard,rmsd_mean,Endpoint spread,higher,11.638657766105855,1.417864955017768,113
standard,entropic_log1p,25,All,Large,Entropic-log1p,Entropic-log1p · standard,invalid_rate,Invalid rate,lower,0,0,113
standard,entropic_log1p,25,All,Large,Entropic-log1p,Entropic-log1p · standard,infer_seconds_per_output,Seconds/output,lower,51.2395636374033,4.206531314706202,113
standard,entropic_log1p,25,All,Large,Entropic-log1p,Entropic-log1p · standard,trajectory_plddt_mean_all_frames,Trajectory pLDDT,higher,91.10157041769111,0.625976957956876,113
standard,cosine,25,All,Large,Cosine,Cosine · standard,plddt_mean,pLDDT,higher,96.38723685823638,0.07070556991653697,116
standard,cosine,25,All,Large,Cosine,Cosine · standard,diversity,Diversity,higher,11.127717916307779,1.369483182386034,116
standard,cosine,25,All,Large,Cosine,Cosine · standard,rmsd_mean,Endpoint spread,higher,11.127717916307779,1.369483182386034,116
standard,cosine,25,All,Large,Cosine,Cosine · standard,invalid_rate,Invalid rate,lower,0,0,116
standard,cosine,25,All,Large,Cosine,Cosine · standard,infer_seconds_per_output,Seconds/output,lower,51.236943465878824,4.150543949331291,116
standard,cosine,25,All,Large,Cosine,Cosine · standard,trajectory_plddt_mean_all_frames,Trajectory pLDDT,higher,91.3408789328871,0.6158577106510807,116
standard,sigmoid,25,All,Large,Sigmoid,Sigmoid · standard,plddt_mean,pLDDT,higher,96.67115536565366,0.06300872054350687,115
standard,sigmoid,25,All,Large,Sigmoid,Sigmoid · standard,diversity,Diversity,higher,10.044994377053301,1.2526693267255602,115
standard,sigmoid,25,All,Large,Sigmoid,Sigmoid · standard,rmsd_mean,Endpoint spread,higher,10.044994377053301,1.2526693267255602,115
standard,sigmoid,25,All,Large,Sigmoid,Sigmoid · standard,invalid_rate,Invalid rate,lower,0,0,115
standard,sigmoid,25,All,Large,Sigmoid,Sigmoid · standard,infer_seconds_per_output,Seconds/output,lower,51.001845551324685,4.144522833710881,115
standard,sigmoid,25,All,Large,Sigmoid,Sigmoid · standard,trajectory_plddt_mean_all_frames,Trajectory pLDDT,higher,91.92963410518479,0.6004207430569156,115
standard,power_2,25,All,Large,Power-2,Power-2 · standard,plddt_mean,pLDDT,higher,93.51606238425315,0.19637471185977248,111
standard,power_2,25,All,Large,Power-2,Power-2 · standard,diversity,Diversity,higher,12.564068248680046,1.429199837723244,111
standard,power_2,25,All,Large,Power-2,Power-2 · standard,rmsd_mean,Endpoint spread,higher,12.564068248680046,1.429199837723244,111
standard,power_2,25,All,Large,Power-2,Power-2 · standard,invalid_rate,Invalid rate,lower,0,0,111
standard,power_2,25,All,Large,Power-2,Power-2 · standard,infer_seconds_per_output,Seconds/output,lower,51.462304723624726,4.280466796577305,111
standard,power_2,25,All,Large,Power-2,Power-2 · standard,trajectory_plddt_mean_all_frames,Trajectory pLDDT,higher,90.52406153842136,0.7785776615083614,111
standard,linear,5,ATLAS,All,Linear,Linear · standard,plddt_mean,pLDDT,higher,92.58572231194911,0.8895072218031247,234
standard,linear,5,ATLAS,All,Linear,Linear · standard,diversity,Diversity,higher,7.63685544866782,0.8274545612055769,234
standard,linear,5,ATLAS,All,Linear,Linear · standard,rmsd_mean,Endpoint spread,higher,7.63685544866782,0.8274545612055769,234
standard,linear,5,ATLAS,All,Linear,Linear · standard,invalid_rate,Invalid rate,lower,0,0,234
standard,linear,5,ATLAS,All,Linear,Linear · standard,infer_seconds_per_output,Seconds/output,lower,3.983953739601012,0.6905114096255316,234
standard,linear,5,ATLAS,All,Linear,Linear · standard,trajectory_plddt_mean_all_frames,Trajectory pLDDT,higher,86.1604278890496,1.4111150651049358,234
standard,entropic,5,ATLAS,All,Entropic,Entropic · standard,plddt_mean,pLDDT,higher,93.01965737135514,0.8512559160483202,230
standard,entropic,5,ATLAS,All,Entropic,Entropic · standard,diversity,Diversity,higher,7.556595834700958,0.8464688264737329,230
standard,entropic,5,ATLAS,All,Entropic,Entropic · standard,rmsd_mean,Endpoint spread,higher,7.556595834700958,0.8464688264737329,230
standard,entropic,5,ATLAS,All,Entropic,Entropic · standard,invalid_rate,Invalid rate,lower,0,0,230
standard,entropic,5,ATLAS,All,Entropic,Entropic · standard,infer_seconds_per_output,Seconds/output,lower,3.7642569328703837,0.6685570035102382,230
standard,entropic,5,ATLAS,All,Entropic,Entropic · standard,trajectory_plddt_mean_all_frames,Trajectory pLDDT,higher,86.27626782624615,1.410022302038238,230
standard,entropic_log1p,5,ATLAS,All,Entropic-log1p,Entropic-log1p · standard,plddt_mean,pLDDT,higher,93.02318523241127,0.8508906788959111,230
standard,entropic_log1p,5,ATLAS,All,Entropic-log1p,Entropic-log1p · standard,diversity,Diversity,higher,7.544066172060759,0.84327451419571,230
standard,entropic_log1p,5,ATLAS,All,Entropic-log1p,Entropic-log1p · standard,rmsd_mean,Endpoint spread,higher,7.544066172060759,0.84327451419571,230
standard,entropic_log1p,5,ATLAS,All,Entropic-log1p,Entropic-log1p · standard,invalid_rate,Invalid rate,lower,0,0,230
standard,entropic_log1p,5,ATLAS,All,Entropic-log1p,Entropic-log1p · standard,infer_seconds_per_output,Seconds/output,lower,3.7644355134135012,0.6696242193434347,230
standard,entropic_log1p,5,ATLAS,All,Entropic-log1p,Entropic-log1p · standard,trajectory_plddt_mean_all_frames,Trajectory pLDDT,higher,86.27860915142548,1.410824729755827,230
standard,cosine,5,ATLAS,All,Cosine,Cosine · standard,plddt_mean,pLDDT,higher,94.74963533723509,0.7115664197446324,231
standard,cosine,5,ATLAS,All,Cosine,Cosine · standard,diversity,Diversity,higher,6.779253112289297,0.7888332257784767,231
standard,cosine,5,ATLAS,All,Cosine,Cosine · standard,rmsd_mean,Endpoint spread,higher,6.779253112289297,0.7888332257784767,231
standard,cosine,5,ATLAS,All,Cosine,Cosine · standard,invalid_rate,Invalid rate,lower,0,0,231
standard,cosine,5,ATLAS,All,Cosine,Cosine · standard,infer_seconds_per_output,Seconds/output,lower,3.8190385510807845,0.6737891608807866,231
standard,cosine,5,ATLAS,All,Cosine,Cosine · standard,trajectory_plddt_mean_all_frames,Trajectory pLDDT,higher,86.43250232878184,1.4079079102757137,231
standard,sigmoid,5,ATLAS,All,Sigmoid,Sigmoid · standard,plddt_mean,pLDDT,higher,97.16128370865532,0.4076554618628697,230
standard,sigmoid,5,ATLAS,All,Sigmoid,Sigmoid · standard,diversity,Diversity,higher,5.506717569931694,0.6899564928770916,230
standard,sigmoid,5,ATLAS,All,Sigmoid,Sigmoid · standard,rmsd_mean,Endpoint spread,higher,5.506717569931694,0.6899564928770916,230
standard,sigmoid,5,ATLAS,All,Sigmoid,Sigmoid · standard,invalid_rate,Invalid rate,lower,0,0,230
standard,sigmoid,5,ATLAS,All,Sigmoid,Sigmoid · standard,infer_seconds_per_output,Seconds/output,lower,3.7614469560602193,0.667813974216805,230
standard,sigmoid,5,ATLAS,All,Sigmoid,Sigmoid · standard,trajectory_plddt_mean_all_frames,Trajectory pLDDT,higher,86.91004276939066,1.375553114782138,230
standard,power_2,5,ATLAS,All,Power-2,Power-2 · standard,plddt_mean,pLDDT,higher,90.10896690617437,1.1567232805493395,230
standard,power_2,5,ATLAS,All,Power-2,Power-2 · standard,diversity,Diversity,higher,7.000309594558633,0.7708726086132629,230
standard,power_2,5,ATLAS,All,Power-2,Power-2 · standard,rmsd_mean,Endpoint spread,higher,7.000309594558633,0.7708726086132629,230
standard,power_2,5,ATLAS,All,Power-2,Power-2 · standard,invalid_rate,Invalid rate,lower,0,0,230
standard,power_2,5,ATLAS,All,Power-2,Power-2 · standard,infer_seconds_per_output,Seconds/output,lower,3.7642465022777247,0.6687881567734194,230
standard,power_2,5,ATLAS,All,Power-2,Power-2 · standard,trajectory_plddt_mean_all_frames,Trajectory pLDDT,higher,84.35344437889428,1.6202420289809363,230
standard,linear,10,ATLAS,All,Linear,Linear · standard,plddt_mean,pLDDT,higher,94.65011715888977,0.4657039624724288,232
standard,linear,10,ATLAS,All,Linear,Linear · standard,diversity,Diversity,higher,8.847491089126159,0.9320059073129664,232
standard,linear,10,ATLAS,All,Linear,Linear · standard,rmsd_mean,Endpoint spread,higher,8.847491089126159,0.9320059073129664,232
standard,linear,10,ATLAS,All,Linear,Linear · standard,invalid_rate,Invalid rate,lower,0,0,232
standard,linear,10,ATLAS,All,Linear,Linear · standard,infer_seconds_per_output,Seconds/output,lower,7.749676669814076,1.360964264967189,232
standard,linear,10,ATLAS,All,Linear,Linear · standard,trajectory_plddt_mean_all_frames,Trajectory pLDDT,higher,87.81457776941099,1.2504320008748762,232
standard,entropic,10,ATLAS,All,Entropic,Entropic · standard,plddt_mean,pLDDT,higher,95.5914287318354,0.3734506364302421,230
standard,entropic,10,ATLAS,All,Entropic,Entropic · standard,diversity,Diversity,higher,8.741405576726665,0.9370603466695062,230
standard,entropic,10,ATLAS,All,Entropic,Entropic · standard,rmsd_mean,Endpoint spread,higher,8.741405576726665,0.9370603466695062,230
standard,entropic,10,ATLAS,All,Entropic,Entropic · standard,invalid_rate,Invalid rate,lower,0,0,230
standard,entropic,10,ATLAS,All,Entropic,Entropic · standard,infer_seconds_per_output,Seconds/output,lower,7.521187058353604,1.3372401079013527,230
standard,entropic,10,ATLAS,All,Entropic,Entropic · standard,trajectory_plddt_mean_all_frames,Trajectory pLDDT,higher,88.0041836701268,1.2340940121502695,230
standard,entropic_log1p,10,ATLAS,All,Entropic-log1p,Entropic-log1p · standard,plddt_mean,pLDDT,higher,95.60984243310016,0.3786152929690621,230
standard,entropic_log1p,10,ATLAS,All,Entropic-log1p,Entropic-log1p · standard,diversity,Diversity,higher,8.667096079432445,0.9211320097995408,230
standard,entropic_log1p,10,ATLAS,All,Entropic-log1p,Entropic-log1p · standard,rmsd_mean,Endpoint spread,higher,8.667096079432445,0.9211320097995408,230
standard,entropic_log1p,10,ATLAS,All,Entropic-log1p,Entropic-log1p · standard,invalid_rate,Invalid rate,lower,0,0,230
standard,entropic_log1p,10,ATLAS,All,Entropic-log1p,Entropic-log1p · standard,infer_seconds_per_output,Seconds/output,lower,7.523887234187999,1.3360440277021175,230
standard,entropic_log1p,10,ATLAS,All,Entropic-log1p,Entropic-log1p · standard,trajectory_plddt_mean_all_frames,Trajectory pLDDT,higher,88.00590686715161,1.2367316900475096,230
standard,cosine,10,ATLAS,All,Cosine,Cosine · standard,plddt_mean,pLDDT,higher,97.3192120502735,0.19842771369633722,232
standard,cosine,10,ATLAS,All,Cosine,Cosine · standard,diversity,Diversity,higher,8.137260151834324,0.8809144415463986,232
standard,cosine,10,ATLAS,All,Cosine,Cosine · standard,rmsd_mean,Endpoint spread,higher,8.137260151834324,0.8809144415463986,232
standard,cosine,10,ATLAS,All,Cosine,Cosine · standard,invalid_rate,Invalid rate,lower,0,0,232
standard,cosine,10,ATLAS,All,Cosine,Cosine · standard,infer_seconds_per_output,Seconds/output,lower,7.747708193044798,1.3624173321462847,232
standard,cosine,10,ATLAS,All,Cosine,Cosine · standard,trajectory_plddt_mean_all_frames,Trajectory pLDDT,higher,88.11748089461494,1.2362655781923697,232
standard,sigmoid,10,ATLAS,All,Sigmoid,Sigmoid · standard,plddt_mean,pLDDT,higher,97.95820373037587,0.12211445376110201,230
standard,sigmoid,10,ATLAS,All,Sigmoid,Sigmoid · standard,diversity,Diversity,higher,7.367238268126612,0.8414184820598662,230
standard,sigmoid,10,ATLAS,All,Sigmoid,Sigmoid · standard,rmsd_mean,Endpoint spread,higher,7.367238268126612,0.8414184820598662,230
standard,sigmoid,10,ATLAS,All,Sigmoid,Sigmoid · standard,invalid_rate,Invalid rate,lower,0,0,230
standard,sigmoid,10,ATLAS,All,Sigmoid,Sigmoid · standard,infer_seconds_per_output,Seconds/output,lower,7.525978044321781,1.337723446129579,230
standard,sigmoid,10,ATLAS,All,Sigmoid,Sigmoid · standard,trajectory_plddt_mean_all_frames,Trajectory pLDDT,higher,88.5241358354817,1.2223923353212822,230
standard,power_2,10,ATLAS,All,Power-2,Power-2 · standard,plddt_mean,pLDDT,higher,93.48074130095769,0.7698238213162255,229
standard,power_2,10,ATLAS,All,Power-2,Power-2 · standard,diversity,Diversity,higher,8.923519988247401,0.9132358308913046,229
standard,power_2,10,ATLAS,All,Power-2,Power-2 · standard,rmsd_mean,Endpoint spread,higher,8.923519988247401,0.9132358308913046,229
standard,power_2,10,ATLAS,All,Power-2,Power-2 · standard,invalid_rate,Invalid rate,lower,0,0,229
standard,power_2,10,ATLAS,All,Power-2,Power-2 · standard,infer_seconds_per_output,Seconds/output,lower,7.377205535182048,1.3119853081086477,229
standard,power_2,10,ATLAS,All,Power-2,Power-2 · standard,trajectory_plddt_mean_all_frames,Trajectory pLDDT,higher,85.82741528515213,1.5240027772916604,229
standard,linear,25,ATLAS,All,Linear,Linear · standard,plddt_mean,pLDDT,higher,95.80712433025049,0.219568754888803,233
standard,linear,25,ATLAS,All,Linear,Linear · standard,diversity,Diversity,higher,9.449629084235097,0.9230489820773083,233
standard,linear,25,ATLAS,All,Linear,Linear · standard,rmsd_mean,Endpoint spread,higher,9.449629084235097,0.9230489820773083,233
standard,linear,25,ATLAS,All,Linear,Linear · standard,invalid_rate,Invalid rate,lower,0,0,233
standard,linear,25,ATLAS,All,Linear,Linear · standard,infer_seconds_per_output,Seconds/output,lower,19.6349037792039,3.429913024895452,233
standard,linear,25,ATLAS,All,Linear,Linear · standard,trajectory_plddt_mean_all_frames,Trajectory pLDDT,higher,88.65537424668736,1.0936589654508484,233
standard,entropic,25,ATLAS,All,Entropic,Entropic · standard,plddt_mean,pLDDT,higher,97.16048062365988,0.12418408057467058,230
standard,entropic,25,ATLAS,All,Entropic,Entropic · standard,diversity,Diversity,higher,9.163553883718407,0.9230215032541709,230
standard,entropic,25,ATLAS,All,Entropic,Entropic · standard,rmsd_mean,Endpoint spread,higher,9.163553883718407,0.9230215032541709,230
standard,entropic,25,ATLAS,All,Entropic,Entropic · standard,invalid_rate,Invalid rate,lower,0,0,230
standard,entropic,25,ATLAS,All,Entropic,Entropic · standard,infer_seconds_per_output,Seconds/output,lower,18.800917787973404,3.337371530316856,230
standard,entropic,25,ATLAS,All,Entropic,Entropic · standard,trajectory_plddt_mean_all_frames,Trajectory pLDDT,higher,88.8792243123262,1.0736282276193374,230
standard,entropic_log1p,25,ATLAS,All,Entropic-log1p,Entropic-log1p · standard,plddt_mean,pLDDT,higher,97.18465185580047,0.12065552693510756,230
standard,entropic_log1p,25,ATLAS,All,Entropic-log1p,Entropic-log1p · standard,diversity,Diversity,higher,9.061601831083712,0.8847090073770869,230
standard,entropic_log1p,25,ATLAS,All,Entropic-log1p,Entropic-log1p · standard,rmsd_mean,Endpoint spread,higher,9.061601831083712,0.8847090073770869,230
standard,entropic_log1p,25,ATLAS,All,Entropic-log1p,Entropic-log1p · standard,invalid_rate,Invalid rate,lower,0,0,230
standard,entropic_log1p,25,ATLAS,All,Entropic-log1p,Entropic-log1p · standard,infer_seconds_per_output,Seconds/output,lower,18.794718940095702,3.3394968804137273,230
standard,entropic_log1p,25,ATLAS,All,Entropic-log1p,Entropic-log1p · standard,trajectory_plddt_mean_all_frames,Trajectory pLDDT,higher,88.8931420717654,1.0712539925752909,230
standard,cosine,25,ATLAS,All,Cosine,Cosine · standard,plddt_mean,pLDDT,higher,97.25826012417352,0.10643545197429102,231
standard,cosine,25,ATLAS,All,Cosine,Cosine · standard,diversity,Diversity,higher,9.072612845536435,0.9002383497104113,231
standard,cosine,25,ATLAS,All,Cosine,Cosine · standard,rmsd_mean,Endpoint spread,higher,9.072612845536435,0.9002383497104113,231
standard,cosine,25,ATLAS,All,Cosine,Cosine · standard,invalid_rate,Invalid rate,lower,0,0,231
standard,cosine,25,ATLAS,All,Cosine,Cosine · standard,infer_seconds_per_output,Seconds/output,lower,19.080732487527364,3.3690995975797957,231
standard,cosine,25,ATLAS,All,Cosine,Cosine · standard,trajectory_plddt_mean_all_frames,Trajectory pLDDT,higher,88.93556461730556,1.1009501487124016,231
standard,sigmoid,25,ATLAS,All,Sigmoid,Sigmoid · standard,plddt_mean,pLDDT,higher,97.29488938373068,0.09464735812763096,230
standard,sigmoid,25,ATLAS,All,Sigmoid,Sigmoid · standard,diversity,Diversity,higher,8.29033780357112,0.8352197095988713,230
standard,sigmoid,25,ATLAS,All,Sigmoid,Sigmoid · standard,rmsd_mean,Endpoint spread,higher,8.29033780357112,0.8352197095988713,230
standard,sigmoid,25,ATLAS,All,Sigmoid,Sigmoid · standard,invalid_rate,Invalid rate,lower,0,0,230
standard,sigmoid,25,ATLAS,All,Sigmoid,Sigmoid · standard,infer_seconds_per_output,Seconds/output,lower,18.795692933181748,3.3386232260430506,230
standard,sigmoid,25,ATLAS,All,Sigmoid,Sigmoid · standard,trajectory_plddt_mean_all_frames,Trajectory pLDDT,higher,89.37149262602436,1.0893075291349117,230
standard,power_2,25,ATLAS,All,Power-2,Power-2 · standard,plddt_mean,pLDDT,higher,94.8312141418457,0.3475092288795215,230
standard,power_2,25,ATLAS,All,Power-2,Power-2 · standard,diversity,Diversity,higher,9.402642914004948,0.9162678284343525,230
standard,power_2,25,ATLAS,All,Power-2,Power-2 · standard,rmsd_mean,Endpoint spread,higher,9.402642914004948,0.9162678284343525,230
standard,power_2,25,ATLAS,All,Power-2,Power-2 · standard,invalid_rate,Invalid rate,lower,0,0,230
standard,power_2,25,ATLAS,All,Power-2,Power-2 · standard,infer_seconds_per_output,Seconds/output,lower,18.80782901943717,3.342607224026421,230
standard,power_2,25,ATLAS,All,Power-2,Power-2 · standard,trajectory_plddt_mean_all_frames,Trajectory pLDDT,higher,86.91775557393615,1.3914560282648996,230
standard,linear,5,ATLAS,Short,Linear,Linear · standard,plddt_mean,pLDDT,higher,93.85185813903809,0.7741200498828767,5
standard,linear,5,ATLAS,Short,Linear,Linear · standard,diversity,Diversity,higher,4.198796987533569,1.5898898333999312,5
standard,linear,5,ATLAS,Short,Linear,Linear · standard,rmsd_mean,Endpoint spread,higher,4.198796987533569,1.5898898333999312,5
standard,linear,5,ATLAS,Short,Linear,Linear · standard,invalid_rate,Invalid rate,lower,0,0,5
standard,linear,5,ATLAS,Short,Linear,Linear · standard,infer_seconds_per_output,Seconds/output,lower,0.7683215294964612,0.00666818286712964,5
standard,linear,5,ATLAS,Short,Linear,Linear · standard,trajectory_plddt_mean_all_frames,Trajectory pLDDT,higher,86.80861221313475,0.5213775136337645,5
standard,entropic,5,ATLAS,Short,Entropic,Entropic · standard,plddt_mean,pLDDT,higher,94.44461288452149,0.7686863235928859,5
standard,entropic,5,ATLAS,Short,Entropic,Entropic · standard,diversity,Diversity,higher,4.021790027618408,1.1495477284511366,5
standard,entropic,5,ATLAS,Short,Entropic,Entropic · standard,rmsd_mean,Endpoint spread,higher,4.021790027618408,1.1495477284511366,5
standard,entropic,5,ATLAS,Short,Entropic,Entropic · standard,invalid_rate,Invalid rate,lower,0,0,5
standard,entropic,5,ATLAS,Short,Entropic,Entropic · standard,infer_seconds_per_output,Seconds/output,lower,0.7703208843246102,0.006124522844241438,5
standard,entropic,5,ATLAS,Short,Entropic,Entropic · standard,trajectory_plddt_mean_all_frames,Trajectory pLDDT,higher,87.07769882202147,0.5434243530541656,5
standard,entropic_log1p,5,ATLAS,Short,Entropic-log1p,Entropic-log1p · standard,plddt_mean,pLDDT,higher,94.41526222229004,0.7597941443856616,5
standard,entropic_log1p,5,ATLAS,Short,Entropic-log1p,Entropic-log1p · standard,diversity,Diversity,higher,4.030536794662476,1.30875705537116,5
standard,entropic_log1p,5,ATLAS,Short,Entropic-log1p,Entropic-log1p · standard,rmsd_mean,Endpoint spread,higher,4.030536794662476,1.30875705537116,5
standard,entropic_log1p,5,ATLAS,Short,Entropic-log1p,Entropic-log1p · standard,invalid_rate,Invalid rate,lower,0,0,5
standard,entropic_log1p,5,ATLAS,Short,Entropic-log1p,Entropic-log1p · standard,infer_seconds_per_output,Seconds/output,lower,0.7696533681824803,0.007510577991224783,5
standard,entropic_log1p,5,ATLAS,Short,Entropic-log1p,Entropic-log1p · standard,trajectory_plddt_mean_all_frames,Trajectory pLDDT,higher,87.0517610168457,0.5359896549721281,5
standard,cosine,5,ATLAS,Short,Cosine,Cosine · standard,plddt_mean,pLDDT,higher,95.86295471191406,0.47775209535117075,5
standard,cosine,5,ATLAS,Short,Cosine,Cosine · standard,diversity,Diversity,higher,4.19755277633667,1.349276093645803,5
standard,cosine,5,ATLAS,Short,Cosine,Cosine · standard,rmsd_mean,Endpoint spread,higher,4.19755277633667,1.349276093645803,5
standard,cosine,5,ATLAS,Short,Cosine,Cosine · standard,invalid_rate,Invalid rate,lower,0,0,5
standard,cosine,5,ATLAS,Short,Cosine,Cosine · standard,infer_seconds_per_output,Seconds/output,lower,0.7708510394208133,0.008771323713920103,5
standard,cosine,5,ATLAS,Short,Cosine,Cosine · standard,trajectory_plddt_mean_all_frames,Trajectory pLDDT,higher,87.11383781433105,0.37550071575535965,5
standard,sigmoid,5,ATLAS,Short,Sigmoid,Sigmoid · standard,plddt_mean,pLDDT,higher,97.42418785095215,0.16778936849534914,5
standard,sigmoid,5,ATLAS,Short,Sigmoid,Sigmoid · standard,diversity,Diversity,higher,4.149119329452515,1.436324252293194,5
standard,sigmoid,5,ATLAS,Short,Sigmoid,Sigmoid · standard,rmsd_mean,Endpoint spread,higher,4.149119329452515,1.436324252293194,5
standard,sigmoid,5,ATLAS,Short,Sigmoid,Sigmoid · standard,invalid_rate,Invalid rate,lower,0,0,5
standard,sigmoid,5,ATLAS,Short,Sigmoid,Sigmoid · standard,infer_seconds_per_output,Seconds/output,lower,0.7677557608112693,0.008652599867215595,5
standard,sigmoid,5,ATLAS,Short,Sigmoid,Sigmoid · standard,trajectory_plddt_mean_all_frames,Trajectory pLDDT,higher,87.5626528930664,0.2165340244913528,5
standard,power_2,5,ATLAS,Short,Power-2,Power-2 · standard,plddt_mean,pLDDT,higher,89.92507629394531,1.0191395913764272,5
standard,power_2,5,ATLAS,Short,Power-2,Power-2 · standard,diversity,Diversity,higher,3.473453998565674,0.6625758185073383,5
standard,power_2,5,ATLAS,Short,Power-2,Power-2 · standard,rmsd_mean,Endpoint spread,higher,3.473453998565674,0.6625758185073383,5
standard,power_2,5,ATLAS,Short,Power-2,Power-2 · standard,invalid_rate,Invalid rate,lower,0,0,5
standard,power_2,5,ATLAS,Short,Power-2,Power-2 · standard,infer_seconds_per_output,Seconds/output,lower,0.771321196295321,0.007660230584517083,5
standard,power_2,5,ATLAS,Short,Power-2,Power-2 · standard,trajectory_plddt_mean_all_frames,Trajectory pLDDT,higher,84.53689697265625,0.38182336509670967,5
standard,linear,10,ATLAS,Short,Linear,Linear · standard,plddt_mean,pLDDT,higher,96.46535797119141,0.5753242936626533,5
standard,linear,10,ATLAS,Short,Linear,Linear · standard,diversity,Diversity,higher,5.507665586471558,1.6446482192860226,5
standard,linear,10,ATLAS,Short,Linear,Linear · standard,rmsd_mean,Endpoint spread,higher,5.507665586471558,1.6446482192860226,5
standard,linear,10,ATLAS,Short,Linear,Linear · standard,invalid_rate,Invalid rate,lower,0,0,5
standard,linear,10,ATLAS,Short,Linear,Linear · standard,infer_seconds_per_output,Seconds/output,lower,1.538902780599892,0.014412927332084506,5
standard,linear,10,ATLAS,Short,Linear,Linear · standard,trajectory_plddt_mean_all_frames,Trajectory pLDDT,higher,88.00734920501709,0.6784484410025979,5
standard,entropic,10,ATLAS,Short,Entropic,Entropic · standard,plddt_mean,pLDDT,higher,97.07629165649413,0.4437623188635586,5
standard,entropic,10,ATLAS,Short,Entropic,Entropic · standard,diversity,Diversity,higher,6.161541175842285,1.5942745337852406,5
standard,entropic,10,ATLAS,Short,Entropic,Entropic · standard,rmsd_mean,Endpoint spread,higher,6.161541175842285,1.5942745337852406,5
standard,entropic,10,ATLAS,Short,Entropic,Entropic · standard,invalid_rate,Invalid rate,lower,0,0,5
standard,entropic,10,ATLAS,Short,Entropic,Entropic · standard,infer_seconds_per_output,Seconds/output,lower,1.5335338424891234,0.01410216524348976,5
standard,entropic,10,ATLAS,Short,Entropic,Entropic · standard,trajectory_plddt_mean_all_frames,Trajectory pLDDT,higher,88.22374446868898,0.7390234045899942,5
standard,entropic_log1p,10,ATLAS,Short,Entropic-log1p,Entropic-log1p · standard,plddt_mean,pLDDT,higher,97.08702087402344,0.4239747953536265,5
standard,entropic_log1p,10,ATLAS,Short,Entropic-log1p,Entropic-log1p · standard,diversity,Diversity,higher,6.173673915863037,1.606523128255592,5
standard,entropic_log1p,10,ATLAS,Short,Entropic-log1p,Entropic-log1p · standard,rmsd_mean,Endpoint spread,higher,6.173673915863037,1.606523128255592,5
standard,entropic_log1p,10,ATLAS,Short,Entropic-log1p,Entropic-log1p · standard,invalid_rate,Invalid rate,lower,0,0,5
standard,entropic_log1p,10,ATLAS,Short,Entropic-log1p,Entropic-log1p · standard,infer_seconds_per_output,Seconds/output,lower,1.5322249792516232,0.012816086479471769,5
standard,entropic_log1p,10,ATLAS,Short,Entropic-log1p,Entropic-log1p · standard,trajectory_plddt_mean_all_frames,Trajectory pLDDT,higher,88.24232723236084,0.7114104601166492,5
standard,cosine,10,ATLAS,Short,Cosine,Cosine · standard,plddt_mean,pLDDT,higher,97.66884880065918,0.25456145190446217,5
standard,cosine,10,ATLAS,Short,Cosine,Cosine · standard,diversity,Diversity,higher,6.404726982116699,1.5632002760230868,5
standard,cosine,10,ATLAS,Short,Cosine,Cosine · standard,rmsd_mean,Endpoint spread,higher,6.404726982116699,1.5632002760230868,5
standard,cosine,10,ATLAS,Short,Cosine,Cosine · standard,invalid_rate,Invalid rate,lower,0,0,5
standard,cosine,10,ATLAS,Short,Cosine,Cosine · standard,infer_seconds_per_output,Seconds/output,lower,1.537243027612567,0.014334292075054678,5
standard,cosine,10,ATLAS,Short,Cosine,Cosine · standard,trajectory_plddt_mean_all_frames,Trajectory pLDDT,higher,88.09694618225097,0.5267498993066615,5
standard,sigmoid,10,ATLAS,Short,Sigmoid,Sigmoid · standard,plddt_mean,pLDDT,higher,97.79136123657227,0.23258961268381625,5
standard,sigmoid,10,ATLAS,Short,Sigmoid,Sigmoid · standard,diversity,Diversity,higher,6.249716186523438,1.7766993444217922,5
standard,sigmoid,10,ATLAS,Short,Sigmoid,Sigmoid · standard,rmsd_mean,Endpoint spread,higher,6.249716186523438,1.7766993444217922,5
standard,sigmoid,10,ATLAS,Short,Sigmoid,Sigmoid · standard,invalid_rate,Invalid rate,lower,0,0,5
standard,sigmoid,10,ATLAS,Short,Sigmoid,Sigmoid · standard,infer_seconds_per_output,Seconds/output,lower,1.5433770146220922,0.016067634211325288,5
standard,sigmoid,10,ATLAS,Short,Sigmoid,Sigmoid · standard,trajectory_plddt_mean_all_frames,Trajectory pLDDT,higher,88.50158260345458,0.3772767981429595,5
standard,power_2,10,ATLAS,Short,Power-2,Power-2 · standard,plddt_mean,pLDDT,higher,94.16544036865234,1.0390609161644275,5
standard,power_2,10,ATLAS,Short,Power-2,Power-2 · standard,diversity,Diversity,higher,4.795762205123902,0.9720443283337661,5
standard,power_2,10,ATLAS,Short,Power-2,Power-2 · standard,rmsd_mean,Endpoint spread,higher,4.795762205123902,0.9720443283337661,5
standard,power_2,10,ATLAS,Short,Power-2,Power-2 · standard,invalid_rate,Invalid rate,lower,0,0,5
standard,power_2,10,ATLAS,Short,Power-2,Power-2 · standard,infer_seconds_per_output,Seconds/output,lower,1.5253900138661265,0.012581087700234899,5
standard,power_2,10,ATLAS,Short,Power-2,Power-2 · standard,trajectory_plddt_mean_all_frames,Trajectory pLDDT,higher,85.36059505462647,0.551097012728755,5
standard,linear,25,ATLAS,Short,Linear,Linear · standard,plddt_mean,pLDDT,higher,97.36722908020019,0.3286178888302889,5
standard,linear,25,ATLAS,Short,Linear,Linear · standard,diversity,Diversity,higher,8.318464374542236,1.935569318467007,5
standard,linear,25,ATLAS,Short,Linear,Linear · standard,rmsd_mean,Endpoint spread,higher,8.318464374542236,1.935569318467007,5
standard,linear,25,ATLAS,Short,Linear,Linear · standard,invalid_rate,Invalid rate,lower,0,0,5
standard,linear,25,ATLAS,Short,Linear,Linear · standard,infer_seconds_per_output,Seconds/output,lower,3.8389220787212253,0.03585551657220679,5
standard,linear,25,ATLAS,Short,Linear,Linear · standard,trajectory_plddt_mean_all_frames,Trajectory pLDDT,higher,88.59196090698242,0.8933559214275841,5
standard,entropic,25,ATLAS,Short,Entropic,Entropic · standard,plddt_mean,pLDDT,higher,97.71153335571289,0.262799998170184,5
standard,entropic,25,ATLAS,Short,Entropic,Entropic · standard,diversity,Diversity,higher,7.737546157836914,1.6975018736059593,5
standard,entropic,25,ATLAS,Short,Entropic,Entropic · standard,rmsd_mean,Endpoint spread,higher,7.737546157836914,1.6975018736059593,5
standard,entropic,25,ATLAS,Short,Entropic,Entropic · standard,invalid_rate,Invalid rate,lower,0,0,5
standard,entropic,25,ATLAS,Short,Entropic,Entropic · standard,infer_seconds_per_output,Seconds/output,lower,3.8543597931042313,0.042466267293603734,5
standard,entropic,25,ATLAS,Short,Entropic,Entropic · standard,trajectory_plddt_mean_all_frames,Trajectory pLDDT,higher,88.92174343872071,0.809174278132912,5
standard,entropic_log1p,25,ATLAS,Short,Entropic-log1p,Entropic-log1p · standard,plddt_mean,pLDDT,higher,97.68680076599121,0.26950969877492736,5
standard,entropic_log1p,25,ATLAS,Short,Entropic-log1p,Entropic-log1p · standard,diversity,Diversity,higher,7.6641114234924315,1.7638647844878523,5
standard,entropic_log1p,25,ATLAS,Short,Entropic-log1p,Entropic-log1p · standard,rmsd_mean,Endpoint spread,higher,7.6641114234924315,1.7638647844878523,5
standard,entropic_log1p,25,ATLAS,Short,Entropic-log1p,Entropic-log1p · standard,invalid_rate,Invalid rate,lower,0,0,5
standard,entropic_log1p,25,ATLAS,Short,Entropic-log1p,Entropic-log1p · standard,infer_seconds_per_output,Seconds/output,lower,3.833298985939473,0.04465026898437684,5
standard,entropic_log1p,25,ATLAS,Short,Entropic-log1p,Entropic-log1p · standard,trajectory_plddt_mean_all_frames,Trajectory pLDDT,higher,88.9030866241455,0.8205083322826581,5
standard,cosine,25,ATLAS,Short,Cosine,Cosine · standard,plddt_mean,pLDDT,higher,97.46508522033692,0.3741502151817304,5
standard,cosine,25,ATLAS,Short,Cosine,Cosine · standard,diversity,Diversity,higher,8.222145462036133,2.2380718875362633,5
standard,cosine,25,ATLAS,Short,Cosine,Cosine · standard,rmsd_mean,Endpoint spread,higher,8.222145462036133,2.2380718875362633,5
standard,cosine,25,ATLAS,Short,Cosine,Cosine · standard,invalid_rate,Invalid rate,lower,0,0,5
standard,cosine,25,ATLAS,Short,Cosine,Cosine · standard,infer_seconds_per_output,Seconds/output,lower,3.8396901310421527,0.034439981848422424,5
standard,cosine,25,ATLAS,Short,Cosine,Cosine · standard,trajectory_plddt_mean_all_frames,Trajectory pLDDT,higher,88.73920434570311,0.7265936505561291,5
standard,sigmoid,25,ATLAS,Short,Sigmoid,Sigmoid · standard,plddt_mean,pLDDT,higher,97.11987266540527,0.30533661065033224,5
standard,sigmoid,25,ATLAS,Short,Sigmoid,Sigmoid · standard,diversity,Diversity,higher,8.305610942840577,1.6744000758951496,5
standard,sigmoid,25,ATLAS,Short,Sigmoid,Sigmoid · standard,rmsd_mean,Endpoint spread,higher,8.305610942840577,1.6744000758951496,5
standard,sigmoid,25,ATLAS,Short,Sigmoid,Sigmoid · standard,invalid_rate,Invalid rate,lower,0,0,5
standard,sigmoid,25,ATLAS,Short,Sigmoid,Sigmoid · standard,infer_seconds_per_output,Seconds/output,lower,3.834726794436574,0.035186611012296184,5
standard,sigmoid,25,ATLAS,Short,Sigmoid,Sigmoid · standard,trajectory_plddt_mean_all_frames,Trajectory pLDDT,higher,89.08925318908692,0.47280434585644554,5
standard,power_2,25,ATLAS,Short,Power-2,Power-2 · standard,plddt_mean,pLDDT,higher,96.83867683410645,0.5006685988878208,5
standard,power_2,25,ATLAS,Short,Power-2,Power-2 · standard,diversity,Diversity,higher,8.05967092514038,2.304707486342613,5
standard,power_2,25,ATLAS,Short,Power-2,Power-2 · standard,rmsd_mean,Endpoint spread,higher,8.05967092514038,2.304707486342613,5
standard,power_2,25,ATLAS,Short,Power-2,Power-2 · standard,invalid_rate,Invalid rate,lower,0,0,5
standard,power_2,25,ATLAS,Short,Power-2,Power-2 · standard,infer_seconds_per_output,Seconds/output,lower,3.8354638028889894,0.039826124053445267,5
standard,power_2,25,ATLAS,Short,Power-2,Power-2 · standard,trajectory_plddt_mean_all_frames,Trajectory pLDDT,higher,86.11521520996094,0.6574803848955182,5
standard,linear,5,ATLAS,Medium,Linear,Linear · standard,plddt_mean,pLDDT,higher,92.07979016833835,1.0989159007967033,180
standard,linear,5,ATLAS,Medium,Linear,Linear · standard,diversity,Diversity,higher,6.848959374758932,0.8490153421232987,180
standard,linear,5,ATLAS,Medium,Linear,Linear · standard,rmsd_mean,Endpoint spread,higher,6.848959374758932,0.8490153421232987,180
standard,linear,5,ATLAS,Medium,Linear,Linear · standard,invalid_rate,Invalid rate,lower,0,0,180
standard,linear,5,ATLAS,Medium,Linear,Linear · standard,infer_seconds_per_output,Seconds/output,lower,1.575158946063473,0.16674331025097455,180
standard,linear,5,ATLAS,Medium,Linear,Linear · standard,trajectory_plddt_mean_all_frames,Trajectory pLDDT,higher,85.1391252793206,1.735101171893446,180
standard,entropic,5,ATLAS,Medium,Entropic,Entropic · standard,plddt_mean,pLDDT,higher,92.6161062611474,1.0355605018393372,180
standard,entropic,5,ATLAS,Medium,Entropic,Entropic · standard,diversity,Diversity,higher,6.8803433620267445,0.8653385092465408,180
standard,entropic,5,ATLAS,Medium,Entropic,Entropic · standard,rmsd_mean,Endpoint spread,higher,6.8803433620267445,0.8653385092465408,180
standard,entropic,5,ATLAS,Medium,Entropic,Entropic · standard,invalid_rate,Invalid rate,lower,0,0,180
standard,entropic,5,ATLAS,Medium,Entropic,Entropic · standard,infer_seconds_per_output,Seconds/output,lower,1.5746163907460868,0.16636311338496912,180
standard,entropic,5,ATLAS,Medium,Entropic,Entropic · standard,trajectory_plddt_mean_all_frames,Trajectory pLDDT,higher,85.36721963670517,1.7071652552889893,180
standard,entropic_log1p,5,ATLAS,Medium,Entropic-log1p,Entropic-log1p · standard,plddt_mean,pLDDT,higher,92.61179748111302,1.0355154063087573,180
standard,entropic_log1p,5,ATLAS,Medium,Entropic-log1p,Entropic-log1p · standard,diversity,Diversity,higher,6.86538114812639,0.8625802282778858,180
standard,entropic_log1p,5,ATLAS,Medium,Entropic-log1p,Entropic-log1p · standard,rmsd_mean,Endpoint spread,higher,6.86538114812639,0.8625802282778858,180
standard,entropic_log1p,5,ATLAS,Medium,Entropic-log1p,Entropic-log1p · standard,invalid_rate,Invalid rate,lower,0,0,180
standard,entropic_log1p,5,ATLAS,Medium,Entropic-log1p,Entropic-log1p · standard,infer_seconds_per_output,Seconds/output,lower,1.5722539513164924,0.1664141060652998,180
standard,entropic_log1p,5,ATLAS,Medium,Entropic-log1p,Entropic-log1p · standard,trajectory_plddt_mean_all_frames,Trajectory pLDDT,higher,85.36648759206132,1.7083492235156286,180
standard,cosine,5,ATLAS,Medium,Cosine,Cosine · standard,plddt_mean,pLDDT,higher,94.45154149267408,0.8727236690797466,180
standard,cosine,5,ATLAS,Medium,Cosine,Cosine · standard,diversity,Diversity,higher,6.190790454546611,0.8145932445505081,180
standard,cosine,5,ATLAS,Medium,Cosine,Cosine · standard,rmsd_mean,Endpoint spread,higher,6.190790454546611,0.8145932445505081,180
standard,cosine,5,ATLAS,Medium,Cosine,Cosine · standard,invalid_rate,Invalid rate,lower,0,0,180
standard,cosine,5,ATLAS,Medium,Cosine,Cosine · standard,infer_seconds_per_output,Seconds/output,lower,1.5750913109268165,0.16642991941290494,180
standard,cosine,5,ATLAS,Medium,Cosine,Cosine · standard,trajectory_plddt_mean_all_frames,Trajectory pLDDT,higher,85.50713613510132,1.7127470187160772,180
standard,sigmoid,5,ATLAS,Medium,Sigmoid,Sigmoid · standard,plddt_mean,pLDDT,higher,97.01420629289416,0.5026457538294768,180
standard,sigmoid,5,ATLAS,Medium,Sigmoid,Sigmoid · standard,diversity,Diversity,higher,5.335519264141719,0.7648314918401384,180
standard,sigmoid,5,ATLAS,Medium,Sigmoid,Sigmoid · standard,rmsd_mean,Endpoint spread,higher,5.335519264141719,0.7648314918401384,180
standard,sigmoid,5,ATLAS,Medium,Sigmoid,Sigmoid · standard,invalid_rate,Invalid rate,lower,0,0,180
standard,sigmoid,5,ATLAS,Medium,Sigmoid,Sigmoid · standard,infer_seconds_per_output,Seconds/output,lower,1.5731898138247844,0.1665363018851061,180
standard,sigmoid,5,ATLAS,Medium,Sigmoid,Sigmoid · standard,trajectory_plddt_mean_all_frames,Trajectory pLDDT,higher,86.00418897310898,1.6691426373319513,180
standard,power_2,5,ATLAS,Medium,Power-2,Power-2 · standard,plddt_mean,pLDDT,higher,89.54012469715542,1.411716376674237,180
standard,power_2,5,ATLAS,Medium,Power-2,Power-2 · standard,diversity,Diversity,higher,6.845382698045837,0.8940479497259739,180
standard,power_2,5,ATLAS,Medium,Power-2,Power-2 · standard,rmsd_mean,Endpoint spread,higher,6.845382698045837,0.8940479497259739,180
standard,power_2,5,ATLAS,Medium,Power-2,Power-2 · standard,invalid_rate,Invalid rate,lower,0,0,180
standard,power_2,5,ATLAS,Medium,Power-2,Power-2 · standard,infer_seconds_per_output,Seconds/output,lower,1.574312607674963,0.16644156280790323,180
standard,power_2,5,ATLAS,Medium,Power-2,Power-2 · standard,trajectory_plddt_mean_all_frames,Trajectory pLDDT,higher,83.27124070167538,1.9663004019856856,180
standard,linear,10,ATLAS,Medium,Linear,Linear · standard,plddt_mean,pLDDT,higher,94.70882966783311,0.5792882417521757,180
standard,linear,10,ATLAS,Medium,Linear,Linear · standard,diversity,Diversity,higher,7.917238878541522,0.9137520286832218,180
standard,linear,10,ATLAS,Medium,Linear,Linear · standard,rmsd_mean,Endpoint spread,higher,7.917238878541522,0.9137520286832218,180
standard,linear,10,ATLAS,Medium,Linear,Linear · standard,invalid_rate,Invalid rate,lower,0,0,180
standard,linear,10,ATLAS,Medium,Linear,Linear · standard,infer_seconds_per_output,Seconds/output,lower,3.1464633512983307,0.33295573858491645,180
standard,linear,10,ATLAS,Medium,Linear,Linear · standard,trajectory_plddt_mean_all_frames,Trajectory pLDDT,higher,87.01837915314564,1.534311310762047,180
standard,entropic,10,ATLAS,Medium,Entropic,Entropic · standard,plddt_mean,pLDDT,higher,95.73355495664808,0.45575548193115184,180
standard,entropic,10,ATLAS,Medium,Entropic,Entropic · standard,diversity,Diversity,higher,7.808551214138666,0.9156475804981086,180
standard,entropic,10,ATLAS,Medium,Entropic,Entropic · standard,rmsd_mean,Endpoint spread,higher,7.808551214138666,0.9156475804981086,180
standard,entropic,10,ATLAS,Medium,Entropic,Entropic · standard,invalid_rate,Invalid rate,lower,0,0,180
standard,entropic,10,ATLAS,Medium,Entropic,Entropic · standard,infer_seconds_per_output,Seconds/output,lower,3.14035271808712,0.33286992524128184,180
standard,entropic,10,ATLAS,Medium,Entropic,Entropic · standard,trajectory_plddt_mean_all_frames,Trajectory pLDDT,higher,87.27740282164677,1.5028164732352258,180
standard,entropic_log1p,10,ATLAS,Medium,Entropic-log1p,Entropic-log1p · standard,plddt_mean,pLDDT,higher,95.7155588997735,0.4650240937706721,180
standard,entropic_log1p,10,ATLAS,Medium,Entropic-log1p,Entropic-log1p · standard,diversity,Diversity,higher,7.827804507811864,0.9288976207373805,180
standard,entropic_log1p,10,ATLAS,Medium,Entropic-log1p,Entropic-log1p · standard,rmsd_mean,Endpoint spread,higher,7.827804507811864,0.9288976207373805,180
standard,entropic_log1p,10,ATLAS,Medium,Entropic-log1p,Entropic-log1p · standard,invalid_rate,Invalid rate,lower,0,0,180
standard,entropic_log1p,10,ATLAS,Medium,Entropic-log1p,Entropic-log1p · standard,infer_seconds_per_output,Seconds/output,lower,3.1463267993776958,0.3333572141577941,180
standard,entropic_log1p,10,ATLAS,Medium,Entropic-log1p,Entropic-log1p · standard,trajectory_plddt_mean_all_frames,Trajectory pLDDT,higher,87.27169600698684,1.5062569530077965,180
standard,cosine,10,ATLAS,Medium,Cosine,Cosine · standard,plddt_mean,pLDDT,higher,97.38125179078844,0.24657663133616342,180
standard,cosine,10,ATLAS,Medium,Cosine,Cosine · standard,diversity,Diversity,higher,7.386340630716748,0.856402044068933,180
standard,cosine,10,ATLAS,Medium,Cosine,Cosine · standard,rmsd_mean,Endpoint spread,higher,7.386340630716748,0.856402044068933,180
standard,cosine,10,ATLAS,Medium,Cosine,Cosine · standard,invalid_rate,Invalid rate,lower,0,0,180
standard,cosine,10,ATLAS,Medium,Cosine,Cosine · standard,infer_seconds_per_output,Seconds/output,lower,3.1411517547262418,0.33321476336761313,180
standard,cosine,10,ATLAS,Medium,Cosine,Cosine · standard,trajectory_plddt_mean_all_frames,Trajectory pLDDT,higher,87.30484978251987,1.5193985839687296,180
standard,sigmoid,10,ATLAS,Medium,Sigmoid,Sigmoid · standard,plddt_mean,pLDDT,higher,97.96809815300836,0.15143216685317484,180
standard,sigmoid,10,ATLAS,Medium,Sigmoid,Sigmoid · standard,diversity,Diversity,higher,6.899063177241219,0.8303727616554372,180
standard,sigmoid,10,ATLAS,Medium,Sigmoid,Sigmoid · standard,rmsd_mean,Endpoint spread,higher,6.899063177241219,0.8303727616554372,180
standard,sigmoid,10,ATLAS,Medium,Sigmoid,Sigmoid · standard,invalid_rate,Invalid rate,lower,0,0,180
standard,sigmoid,10,ATLAS,Medium,Sigmoid,Sigmoid · standard,infer_seconds_per_output,Seconds/output,lower,3.1446383101063677,0.33287277833727597,180
standard,sigmoid,10,ATLAS,Medium,Sigmoid,Sigmoid · standard,trajectory_plddt_mean_all_frames,Trajectory pLDDT,higher,87.73245652569665,1.4917104912694832,180
standard,power_2,10,ATLAS,Medium,Power-2,Power-2 · standard,plddt_mean,pLDDT,higher,93.12972235149807,0.9446776183225157,180
standard,power_2,10,ATLAS,Medium,Power-2,Power-2 · standard,diversity,Diversity,higher,8.042390429973603,0.9110091064163893,180
standard,power_2,10,ATLAS,Medium,Power-2,Power-2 · standard,rmsd_mean,Endpoint spread,higher,8.042390429973603,0.9110091064163893,180
standard,power_2,10,ATLAS,Medium,Power-2,Power-2 · standard,invalid_rate,Invalid rate,lower,0,0,180
standard,power_2,10,ATLAS,Medium,Power-2,Power-2 · standard,infer_seconds_per_output,Seconds/output,lower,3.1416977144493203,0.3330645906398972,180
standard,power_2,10,ATLAS,Medium,Power-2,Power-2 · standard,trajectory_plddt_mean_all_frames,Trajectory pLDDT,higher,84.82890600787272,1.8517796909491393,180
standard,linear,25,ATLAS,Medium,Linear,Linear · standard,plddt_mean,pLDDT,higher,96.25370460086398,0.22945812035658034,180
standard,linear,25,ATLAS,Medium,Linear,Linear · standard,diversity,Diversity,higher,8.619690470563041,0.929858696919117,180
standard,linear,25,ATLAS,Medium,Linear,Linear · standard,rmsd_mean,Endpoint spread,higher,8.619690470563041,0.929858696919117,180
standard,linear,25,ATLAS,Medium,Linear,Linear · standard,invalid_rate,Invalid rate,lower,0,0,180
standard,linear,25,ATLAS,Medium,Linear,Linear · standard,infer_seconds_per_output,Seconds/output,lower,7.850739162769686,0.8336700659918442,180
standard,linear,25,ATLAS,Medium,Linear,Linear · standard,trajectory_plddt_mean_all_frames,Trajectory pLDDT,higher,88.02121069802183,1.3616432935561913,180
standard,entropic,25,ATLAS,Medium,Entropic,Entropic · standard,plddt_mean,pLDDT,higher,97.45709416071574,0.11618835823394372,180
standard,entropic,25,ATLAS,Medium,Entropic,Entropic · standard,diversity,Diversity,higher,8.521153158611721,0.9227891431122488,180
standard,entropic,25,ATLAS,Medium,Entropic,Entropic · standard,rmsd_mean,Endpoint spread,higher,8.521153158611721,0.9227891431122488,180
standard,entropic,25,ATLAS,Medium,Entropic,Entropic · standard,invalid_rate,Invalid rate,lower,0,0,180
standard,entropic,25,ATLAS,Medium,Entropic,Entropic · standard,infer_seconds_per_output,Seconds/output,lower,7.860603809853395,0.832691534869599,180
standard,entropic,25,ATLAS,Medium,Entropic,Entropic · standard,trajectory_plddt_mean_all_frames,Trajectory pLDDT,higher,88.32243764432272,1.3211399619478712,180
standard,entropic_log1p,25,ATLAS,Medium,Entropic-log1p,Entropic-log1p · standard,plddt_mean,pLDDT,higher,97.46158768335978,0.11612212096913152,180
standard,entropic_log1p,25,ATLAS,Medium,Entropic-log1p,Entropic-log1p · standard,diversity,Diversity,higher,8.470609507958095,0.8986338188706992,180
standard,entropic_log1p,25,ATLAS,Medium,Entropic-log1p,Entropic-log1p · standard,rmsd_mean,Endpoint spread,higher,8.470609507958095,0.8986338188706992,180
standard,entropic_log1p,25,ATLAS,Medium,Entropic-log1p,Entropic-log1p · standard,invalid_rate,Invalid rate,lower,0,0,180
standard,entropic_log1p,25,ATLAS,Medium,Entropic-log1p,Entropic-log1p · standard,infer_seconds_per_output,Seconds/output,lower,7.848305805353448,0.8331498972781122,180
standard,entropic_log1p,25,ATLAS,Medium,Entropic-log1p,Entropic-log1p · standard,trajectory_plddt_mean_all_frames,Trajectory pLDDT,higher,88.33596944194369,1.317148406692015,180
standard,cosine,25,ATLAS,Medium,Cosine,Cosine · standard,plddt_mean,pLDDT,higher,97.50290497673882,0.10510173798856987,180
standard,cosine,25,ATLAS,Medium,Cosine,Cosine · standard,diversity,Diversity,higher,8.481549296776453,0.9195688273992697,180
standard,cosine,25,ATLAS,Medium,Cosine,Cosine · standard,rmsd_mean,Endpoint spread,higher,8.481549296776453,0.9195688273992697,180
standard,cosine,25,ATLAS,Medium,Cosine,Cosine · standard,invalid_rate,Invalid rate,lower,0,0,180
standard,cosine,25,ATLAS,Medium,Cosine,Cosine · standard,infer_seconds_per_output,Seconds/output,lower,7.8582653764014445,0.8327692113024687,180
standard,cosine,25,ATLAS,Medium,Cosine,Cosine · standard,trajectory_plddt_mean_all_frames,Trajectory pLDDT,higher,88.31018279478288,1.3594593246434539,180
standard,sigmoid,25,ATLAS,Medium,Sigmoid,Sigmoid · standard,plddt_mean,pLDDT,higher,97.48050324122111,0.10108532378976633,180
standard,sigmoid,25,ATLAS,Medium,Sigmoid,Sigmoid · standard,diversity,Diversity,higher,7.94458955195215,0.8763037721608046,180
standard,sigmoid,25,ATLAS,Medium,Sigmoid,Sigmoid · standard,rmsd_mean,Endpoint spread,higher,7.94458955195215,0.8763037721608046,180
standard,sigmoid,25,ATLAS,Medium,Sigmoid,Sigmoid · standard,invalid_rate,Invalid rate,lower,0,0,180
standard,sigmoid,25,ATLAS,Medium,Sigmoid,Sigmoid · standard,infer_seconds_per_output,Seconds/output,lower,7.85008981931282,0.8330962897133036,180
standard,sigmoid,25,ATLAS,Medium,Sigmoid,Sigmoid · standard,trajectory_plddt_mean_all_frames,Trajectory pLDDT,higher,88.71658167711888,1.3386997130208378,180
standard,power_2,25,ATLAS,Medium,Power-2,Power-2 · standard,plddt_mean,pLDDT,higher,95.13292782041762,0.41822362188652124,180
standard,power_2,25,ATLAS,Medium,Power-2,Power-2 · standard,diversity,Diversity,higher,8.457554899983936,0.8700922539153202,180
standard,power_2,25,ATLAS,Medium,Power-2,Power-2 · standard,rmsd_mean,Endpoint spread,higher,8.457554899983936,0.8700922539153202,180
standard,power_2,25,ATLAS,Medium,Power-2,Power-2 · standard,invalid_rate,Invalid rate,lower,0,0,180
standard,power_2,25,ATLAS,Medium,Power-2,Power-2 · standard,infer_seconds_per_output,Seconds/output,lower,7.856792498542927,0.8330522239819339,180
standard,power_2,25,ATLAS,Medium,Power-2,Power-2 · standard,trajectory_plddt_mean_all_frames,Trajectory pLDDT,higher,85.99025961409676,1.705352787976188,180
standard,linear,5,ATLAS,Large,Linear,Linear · standard,plddt_mean,pLDDT,higher,94.31505102040816,1.2105958737441072,49
standard,linear,5,ATLAS,Large,Linear,Linear · standard,diversity,Diversity,higher,10.881989848857023,2.203116324406243,49
standard,linear,5,ATLAS,Large,Linear,Linear · standard,rmsd_mean,Endpoint spread,higher,10.881989848857023,2.203116324406243,49
standard,linear,5,ATLAS,Large,Linear,Linear · standard,invalid_rate,Invalid rate,lower,0,0,49
standard,linear,5,ATLAS,Large,Linear,Linear · standard,infer_seconds_per_output,Seconds/output,lower,13.160713410769988,1.463509678246102,49
standard,linear,5,ATLAS,Large,Linear,Linear · standard,trajectory_plddt_mean_all_frames,Trajectory pLDDT,higher,89.84601050396354,1.8756210785418943,49
standard,entropic,5,ATLAS,Large,Entropic,Entropic · standard,plddt_mean,pLDDT,higher,94.47553342183431,1.2481305662959392,45
standard,entropic,5,ATLAS,Large,Entropic,Entropic · standard,diversity,Diversity,higher,10.65436192618476,2.3963678136129505,45
standard,entropic,5,ATLAS,Large,Entropic,Entropic · standard,rmsd_mean,Endpoint spread,higher,10.65436192618476,2.3963678136129505,45
standard,entropic,5,ATLAS,Large,Entropic,Entropic · standard,invalid_rate,Invalid rate,lower,0,0,45
standard,entropic,5,ATLAS,Large,Entropic,Entropic · standard,infer_seconds_per_output,Seconds/output,lower,12.8554786623171,1.5690552279915821,45
standard,entropic,5,ATLAS,Large,Entropic,Entropic · standard,trajectory_plddt_mean_all_frames,Trajectory pLDDT,higher,89.82341269599068,2.016267453727691,45
standard,entropic_log1p,5,ATLAS,Large,Entropic-log1p,Entropic-log1p · standard,plddt_mean,pLDDT,higher,94.51406101650662,1.2379874730605958,45
standard,entropic_log1p,5,ATLAS,Large,Entropic-log1p,Entropic-log1p · standard,diversity,Diversity,higher,10.649198420842488,2.380948593869608,45
standard,entropic_log1p,5,ATLAS,Large,Entropic-log1p,Entropic-log1p · standard,rmsd_mean,Endpoint spread,higher,10.649198420842488,2.380948593869608,45
standard,entropic_log1p,5,ATLAS,Large,Entropic-log1p,Entropic-log1p · standard,invalid_rate,Invalid rate,lower,0,0,45
standard,entropic_log1p,5,ATLAS,Large,Entropic-log1p,Entropic-log1p · standard,infer_seconds_per_output,Seconds/output,lower,12.865915333493872,1.5746161904987765,45
standard,entropic_log1p,5,ATLAS,Large,Entropic-log1p,Entropic-log1p · standard,trajectory_plddt_mean_all_frames,Trajectory pLDDT,higher,89.84118962605794,2.012142795651093,45
standard,cosine,5,ATLAS,Large,Cosine,Cosine · standard,plddt_mean,pLDDT,higher,95.79507653609566,1.0019137802371108,46
standard,cosine,5,ATLAS,Large,Cosine,Cosine · standard,diversity,Diversity,higher,9.362552679103354,2.2086140697054493,46
standard,cosine,5,ATLAS,Large,Cosine,Cosine · standard,rmsd_mean,Endpoint spread,higher,9.362552679103354,2.2086140697054493,46
standard,cosine,5,ATLAS,Large,Cosine,Cosine · standard,invalid_rate,Invalid rate,lower,0,0,46
standard,cosine,5,ATLAS,Large,Cosine,Cosine · standard,infer_seconds_per_output,Seconds/output,lower,12.931026394255003,1.5378591936032677,46
standard,cosine,5,ATLAS,Large,Cosine,Cosine · standard,trajectory_plddt_mean_all_frames,Trajectory pLDDT,higher,89.97944227301558,1.9622074228199335,46
standard,sigmoid,5,ATLAS,Large,Sigmoid,Sigmoid · standard,plddt_mean,pLDDT,higher,97.72038180033366,0.5229571210590215,45
standard,sigmoid,5,ATLAS,Large,Sigmoid,Sigmoid · standard,diversity,Diversity,higher,6.342355042033725,1.7418986306552307,45
standard,sigmoid,5,ATLAS,Large,Sigmoid,Sigmoid · standard,rmsd_mean,Endpoint spread,higher,6.342355042033725,1.7418986306552307,45
standard,sigmoid,5,ATLAS,Large,Sigmoid,Sigmoid · standard,invalid_rate,Invalid rate,lower,0,0,45
standard,sigmoid,5,ATLAS,Large,Sigmoid,Sigmoid · standard,infer_seconds_per_output,Seconds/output,lower,12.84710788002962,1.5638210556687395,45
standard,sigmoid,5,ATLAS,Large,Sigmoid,Sigmoid · standard,trajectory_plddt_mean_all_frames,Trajectory pLDDT,higher,90.46094571855332,1.89856023751269,45
standard,power_2,5,ATLAS,Large,Power-2,Power-2 · standard,plddt_mean,pLDDT,higher,92.40476803249783,1.6055398223248911,45
standard,power_2,5,ATLAS,Large,Power-2,Power-2 · standard,diversity,Diversity,higher,8.011890024609036,1.6054698720956413,45
standard,power_2,5,ATLAS,Large,Power-2,Power-2 · standard,rmsd_mean,Endpoint spread,higher,8.011890024609036,1.6054698720956413,45
standard,power_2,5,ATLAS,Large,Power-2,Power-2 · standard,invalid_rate,Invalid rate,lower,0,0,45
standard,power_2,5,ATLAS,Large,Power-2,Power-2 · standard,infer_seconds_per_output,Seconds/output,lower,12.85652933690904,1.5708780599606331,45
standard,power_2,5,ATLAS,Large,Power-2,Power-2 · standard,trajectory_plddt_mean_all_frames,Trajectory pLDDT,higher,88.66187546624076,2.2102502223686056,45
standard,linear,10,ATLAS,Large,Linear,Linear · standard,plddt_mean,pLDDT,higher,94.23215001694699,0.571842439856542,47
standard,linear,10,ATLAS,Large,Linear,Linear · standard,diversity,Diversity,higher,12.765459715051854,2.7213887708304103,47
standard,linear,10,ATLAS,Large,Linear,Linear · standard,rmsd_mean,Endpoint spread,higher,12.765459715051854,2.7213887708304103,47
standard,linear,10,ATLAS,Large,Linear,Linear · standard,invalid_rate,Invalid rate,lower,0,0,47
standard,linear,10,ATLAS,Large,Linear,Linear · standard,infer_seconds_per_output,Seconds/output,lower,26.039724899152482,3.0337930672330278,47
standard,linear,10,ATLAS,Large,Linear,Linear · standard,trajectory_plddt_mean_all_frames,Trajectory pLDDT,higher,90.84334146621381,1.643722635667649,47
standard,entropic,10,ATLAS,Large,Entropic,Entropic · standard,plddt_mean,pLDDT,higher,94.85793906317816,0.5024504158628147,45
standard,entropic,10,ATLAS,Large,Entropic,Entropic · standard,diversity,Diversity,higher,12.759474627176921,2.8126319135549944,45
standard,entropic,10,ATLAS,Large,Entropic,Entropic · standard,rmsd_mean,Endpoint spread,higher,12.759474627176921,2.8126319135549944,45
standard,entropic,10,ATLAS,Large,Entropic,Entropic · standard,invalid_rate,Invalid rate,lower,0,0,45
standard,entropic,10,ATLAS,Large,Entropic,Entropic · standard,infer_seconds_per_output,Seconds/output,lower,25.70981922118226,3.1354062418582247,45
standard,entropic,10,ATLAS,Large,Entropic,Entropic · standard,trajectory_plddt_mean_all_frames,Trajectory pLDDT,higher,90.88691141976251,1.6869368165774534,45
standard,entropic_log1p,10,ATLAS,Large,Entropic-log1p,Entropic-log1p · standard,plddt_mean,pLDDT,higher,95.02284562852648,0.4871723378885412,45
standard,entropic_log1p,10,ATLAS,Large,Entropic-log1p,Entropic-log1p · standard,diversity,Diversity,higher,12.301309272978042,2.654068028963448,45
standard,entropic_log1p,10,ATLAS,Large,Entropic-log1p,Entropic-log1p · standard,rmsd_mean,Endpoint spread,higher,12.301309272978042,2.654068028963448,45
standard,entropic_log1p,10,ATLAS,Large,Entropic-log1p,Entropic-log1p · standard,invalid_rate,Invalid rate,lower,0,0,45
standard,entropic_log1p,10,ATLAS,Large,Entropic-log1p,Entropic-log1p · standard,infer_seconds_per_output,Seconds/output,lower,25.699869223977696,3.128920906336578,45
standard,entropic_log1p,10,ATLAS,Large,Entropic-log1p,Entropic-log1p · standard,trajectory_plddt_mean_all_frames,Trajectory pLDDT,higher,90.91648137834336,1.6831841660429065,45
standard,cosine,10,ATLAS,Large,Cosine,Cosine · standard,plddt_mean,pLDDT,higher,97.04441764506888,0.2463337741518013,47
standard,cosine,10,ATLAS,Large,Cosine,Cosine · standard,diversity,Diversity,higher,11.197434186935425,2.7007486911964773,47
standard,cosine,10,ATLAS,Large,Cosine,Cosine · standard,rmsd_mean,Endpoint spread,higher,11.197434186935425,2.7007486911964773,47
standard,cosine,10,ATLAS,Large,Cosine,Cosine · standard,invalid_rate,Invalid rate,lower,0,0,47
standard,cosine,10,ATLAS,Large,Cosine,Cosine · standard,infer_seconds_per_output,Seconds/output,lower,26.05052701697036,3.0414768978748743,47
standard,cosine,10,ATLAS,Large,Cosine,Cosine · standard,trajectory_plddt_mean_all_frames,Trajectory pLDDT,higher,91.2318696975708,1.5674482144985782,47
standard,sigmoid,10,ATLAS,Large,Sigmoid,Sigmoid · standard,plddt_mean,pLDDT,higher,97.937164094713,0.15040617969546086,45
standard,sigmoid,10,ATLAS,Large,Sigmoid,Sigmoid · standard,diversity,Diversity,higher,9.364107751846314,2.672839586524593,45
standard,sigmoid,10,ATLAS,Large,Sigmoid,Sigmoid · standard,rmsd_mean,Endpoint spread,higher,9.364107751846314,2.672839586524593,45
standard,sigmoid,10,ATLAS,Large,Sigmoid,Sigmoid · standard,invalid_rate,Invalid rate,lower,0,0,45
standard,sigmoid,10,ATLAS,Large,Sigmoid,Sigmoid · standard,infer_seconds_per_output,Seconds/output,lower,25.716070428927843,3.139989769570143,45
standard,sigmoid,10,ATLAS,Large,Sigmoid,Sigmoid · standard,trajectory_plddt_mean_all_frames,Trajectory pLDDT,higher,91.69335898929172,1.5623824145374434,45
standard,power_2,10,ATLAS,Large,Power-2,Power-2 · standard,plddt_mean,pLDDT,higher,94.83892120014538,0.964784769573768,44
standard,power_2,10,ATLAS,Large,Power-2,Power-2 · standard,diversity,Diversity,higher,12.997204292904247,2.6329474902078647,44
standard,power_2,10,ATLAS,Large,Power-2,Power-2 · standard,rmsd_mean,Endpoint spread,higher,12.997204292904247,2.6329474902078647,44
standard,power_2,10,ATLAS,Large,Power-2,Power-2 · standard,invalid_rate,Invalid rate,lower,0,0,44
standard,power_2,10,ATLAS,Large,Power-2,Power-2 · standard,infer_seconds_per_output,Seconds/output,lower,25.36926202014729,3.128529533938745,44
standard,power_2,10,ATLAS,Large,Power-2,Power-2 · standard,trajectory_plddt_mean_all_frames,Trajectory pLDDT,higher,89.96527371840044,1.9491092908440693,44
standard,linear,25,ATLAS,Large,Linear,Linear · standard,plddt_mean,pLDDT,higher,93.96993740399678,0.21100494508536338,48
standard,linear,25,ATLAS,Large,Linear,Linear · standard,diversity,Diversity,higher,12.679728542764982,2.6379021118507078,48
standard,linear,25,ATLAS,Large,Linear,Linear · standard,rmsd_mean,Endpoint spread,higher,12.679728542764982,2.6379021118507078,48
standard,linear,25,ATLAS,Large,Linear,Linear · standard,invalid_rate,Invalid rate,lower,0,0,48
standard,linear,25,ATLAS,Large,Linear,Linear · standard,infer_seconds_per_output,Seconds/output,lower,65.47093585129915,7.452982927418909,48
standard,linear,25,ATLAS,Large,Linear,Linear · standard,trajectory_plddt_mean_all_frames,Trajectory pLDDT,higher,91.0400931104024,1.258807525784297,48
standard,entropic,25,ATLAS,Large,Entropic,Entropic · standard,plddt_mean,pLDDT,higher,95.91279839409722,0.14237562275359386,45
standard,entropic,25,ATLAS,Large,Entropic,Entropic · standard,diversity,Diversity,higher,11.891602087020875,2.821988927189795,45
standard,entropic,25,ATLAS,Large,Entropic,Entropic · standard,rmsd_mean,Endpoint spread,higher,11.891602087020875,2.821988927189795,45
standard,entropic,25,ATLAS,Large,Entropic,Entropic · standard,invalid_rate,Invalid rate,lower,0,0,45
standard,entropic,25,ATLAS,Large,Entropic,Entropic · standard,infer_seconds_per_output,Seconds/output,lower,64.22290236655002,7.8038722805365595,45
standard,entropic,25,ATLAS,Large,Entropic,Entropic · standard,trajectory_plddt_mean_all_frames,Trajectory pLDDT,higher,91.10164663696291,1.3090689773966036,45
standard,entropic_log1p,25,ATLAS,Large,Entropic-log1p,Entropic-log1p · standard,plddt_mean,pLDDT,higher,96.02111422220865,0.14021113398421983,45
standard,entropic_log1p,25,ATLAS,Large,Entropic-log1p,Entropic-log1p · standard,diversity,Diversity,higher,11.580847835540771,2.6369466962922457,45
standard,entropic_log1p,25,ATLAS,Large,Entropic-log1p,Entropic-log1p · standard,rmsd_mean,Endpoint spread,higher,11.580847835540771,2.6369466962922457,45
standard,entropic_log1p,25,ATLAS,Large,Entropic-log1p,Entropic-log1p · standard,invalid_rate,Invalid rate,lower,0,0,45
standard,entropic_log1p,25,ATLAS,Large,Entropic-log1p,Entropic-log1p · standard,infer_seconds_per_output,Seconds/output,lower,64.24275147397097,7.810754859384467,45
standard,entropic_log1p,25,ATLAS,Large,Entropic-log1p,Entropic-log1p · standard,trajectory_plddt_mean_all_frames,Trajectory pLDDT,higher,91.12072764078776,1.3218309219998303,45
standard,cosine,25,ATLAS,Large,Cosine,Cosine · standard,plddt_mean,pLDDT,higher,96.27847319063933,0.12300502252817198,46
standard,cosine,25,ATLAS,Large,Cosine,Cosine · standard,diversity,Diversity,higher,11.477912317151608,2.6406911494675045,46
standard,cosine,25,ATLAS,Large,Cosine,Cosine · standard,rmsd_mean,Endpoint spread,higher,11.477912317151608,2.6406911494675045,46
standard,cosine,25,ATLAS,Large,Cosine,Cosine · standard,invalid_rate,Invalid rate,lower,0,0,46
standard,cosine,25,ATLAS,Large,Cosine,Cosine · standard,infer_seconds_per_output,Seconds/output,lower,64.65136926546414,7.683234539198545,46
standard,cosine,25,ATLAS,Large,Cosine,Cosine · standard,trajectory_plddt_mean_all_frames,Trajectory pLDDT,higher,91.40405438713404,1.29903968903256,46
standard,sigmoid,25,ATLAS,Large,Sigmoid,Sigmoid · standard,plddt_mean,pLDDT,higher,96.57188025580513,0.11447856886008709,45
standard,sigmoid,25,ATLAS,Large,Sigmoid,Sigmoid · standard,diversity,Diversity,higher,9.671633794572617,2.413303680589654,45
standard,sigmoid,25,ATLAS,Large,Sigmoid,Sigmoid · standard,rmsd_mean,Endpoint spread,higher,9.671633794572617,2.413303680589654,45
standard,sigmoid,25,ATLAS,Large,Sigmoid,Sigmoid · standard,invalid_rate,Invalid rate,lower,0,0,45
standard,sigmoid,25,ATLAS,Large,Sigmoid,Sigmoid · standard,infer_seconds_per_output,Seconds/output,lower,64.24043495962914,7.80298596496017,45
standard,sigmoid,25,ATLAS,Large,Sigmoid,Sigmoid · standard,trajectory_plddt_mean_all_frames,Trajectory pLDDT,higher,92.02249635908338,1.2788559707006104,45
standard,power_2,25,ATLAS,Large,Power-2,Power-2 · standard,plddt_mean,pLDDT,higher,93.40130801730686,0.3379310639315799,45
standard,power_2,25,ATLAS,Large,Power-2,Power-2 · standard,diversity,Diversity,higher,13.332214079962837,2.8778604905764684,45
standard,power_2,25,ATLAS,Large,Power-2,Power-2 · standard,rmsd_mean,Endpoint spread,higher,13.332214079962837,2.8778604905764684,45
standard,power_2,25,ATLAS,Large,Power-2,Power-2 · standard,invalid_rate,Invalid rate,lower,0,0,45
standard,power_2,25,ATLAS,Large,Power-2,Power-2 · standard,infer_seconds_per_output,Seconds/output,lower,64.27557123818616,7.833800066118888,45
standard,power_2,25,ATLAS,Large,Power-2,Power-2 · standard,trajectory_plddt_mean_all_frames,Trajectory pLDDT,higher,90.71691056484646,1.6147791989426579,45
standard,linear,5,CAMEO,All,Linear,Linear · standard,plddt_mean,pLDDT,higher,93.37172412590162,0.5280202671597217,338
standard,linear,5,CAMEO,All,Linear,Linear · standard,diversity,Diversity,higher,7.52159233946772,0.6016503771840398,338
standard,linear,5,CAMEO,All,Linear,Linear · standard,rmsd_mean,Endpoint spread,higher,7.52159233946772,0.6016503771840398,338
standard,linear,5,CAMEO,All,Linear,Linear · standard,invalid_rate,Invalid rate,lower,0,0,338
standard,linear,5,CAMEO,All,Linear,Linear · standard,infer_seconds_per_output,Seconds/output,lower,3.037608013818827,0.343531185159009,338
standard,linear,5,CAMEO,All,Linear,Linear · standard,trajectory_plddt_mean_all_frames,Trajectory pLDDT,higher,87.01802358909478,0.9417339432661909,338
standard,entropic,5,CAMEO,All,Entropic,Entropic · standard,plddt_mean,pLDDT,higher,93.87879638102517,0.49022819455986044,335
standard,entropic,5,CAMEO,All,Entropic,Entropic · standard,diversity,Diversity,higher,7.447922915131299,0.607958108941035,335
standard,entropic,5,CAMEO,All,Entropic,Entropic · standard,rmsd_mean,Endpoint spread,higher,7.447922915131299,0.607958108941035,335
standard,entropic,5,CAMEO,All,Entropic,Entropic · standard,invalid_rate,Invalid rate,lower,0,0,335
standard,entropic,5,CAMEO,All,Entropic,Entropic · standard,infer_seconds_per_output,Seconds/output,lower,2.9880572245564005,0.34254601531666473,335
standard,entropic,5,CAMEO,All,Entropic,Entropic · standard,trajectory_plddt_mean_all_frames,Trajectory pLDDT,higher,87.26869225971733,0.9314424384619794,335
standard,entropic_log1p,5,CAMEO,All,Entropic-log1p,Entropic-log1p · standard,plddt_mean,pLDDT,higher,93.87319133530802,0.49119611194960683,335
standard,entropic_log1p,5,CAMEO,All,Entropic-log1p,Entropic-log1p · standard,diversity,Diversity,higher,7.429811297245879,0.6026325680764725,335
standard,entropic_log1p,5,CAMEO,All,Entropic-log1p,Entropic-log1p · standard,rmsd_mean,Endpoint spread,higher,7.429811297245879,0.6026325680764725,335
standard,entropic_log1p,5,CAMEO,All,Entropic-log1p,Entropic-log1p · standard,invalid_rate,Invalid rate,lower,0,0,335
standard,entropic_log1p,5,CAMEO,All,Entropic-log1p,Entropic-log1p · standard,infer_seconds_per_output,Seconds/output,lower,2.9918793611343144,0.34315229911611583,335
standard,entropic_log1p,5,CAMEO,All,Entropic-log1p,Entropic-log1p · standard,trajectory_plddt_mean_all_frames,Trajectory pLDDT,higher,87.26562809787578,0.9319598718457437,335
standard,cosine,5,CAMEO,All,Cosine,Cosine · standard,plddt_mean,pLDDT,higher,95.39585792450677,0.39774053819867816,336
standard,cosine,5,CAMEO,All,Cosine,Cosine · standard,diversity,Diversity,higher,6.878616139647507,0.5824965564755306,336
standard,cosine,5,CAMEO,All,Cosine,Cosine · standard,rmsd_mean,Endpoint spread,higher,6.878616139647507,0.5824965564755306,336
standard,cosine,5,CAMEO,All,Cosine,Cosine · standard,invalid_rate,Invalid rate,lower,0,0,336
standard,cosine,5,CAMEO,All,Cosine,Cosine · standard,infer_seconds_per_output,Seconds/output,lower,3.002545219846936,0.3425348037740337,336
standard,cosine,5,CAMEO,All,Cosine,Cosine · standard,trajectory_plddt_mean_all_frames,Trajectory pLDDT,higher,87.25986160777855,0.9367212413595124,336
standard,sigmoid,5,CAMEO,All,Sigmoid,Sigmoid · standard,plddt_mean,pLDDT,higher,97.46585136527446,0.2375108768052878,335
standard,sigmoid,5,CAMEO,All,Sigmoid,Sigmoid · standard,diversity,Diversity,higher,5.568253301684536,0.5210480655720576,335
standard,sigmoid,5,CAMEO,All,Sigmoid,Sigmoid · standard,rmsd_mean,Endpoint spread,higher,5.568253301684536,0.5210480655720576,335
standard,sigmoid,5,CAMEO,All,Sigmoid,Sigmoid · standard,invalid_rate,Invalid rate,lower,0,0,335
standard,sigmoid,5,CAMEO,All,Sigmoid,Sigmoid · standard,infer_seconds_per_output,Seconds/output,lower,2.991479914544025,0.34287532308504254,335
standard,sigmoid,5,CAMEO,All,Sigmoid,Sigmoid · standard,trajectory_plddt_mean_all_frames,Trajectory pLDDT,higher,87.7676400705593,0.9088204027148525,335
standard,power_2,5,CAMEO,All,Power-2,Power-2 · standard,plddt_mean,pLDDT,higher,91.02883610227215,0.7616002278709934,335
standard,power_2,5,CAMEO,All,Power-2,Power-2 · standard,diversity,Diversity,higher,7.136398149782153,0.6402818098754959,335
standard,power_2,5,CAMEO,All,Power-2,Power-2 · standard,rmsd_mean,Endpoint spread,higher,7.136398149782153,0.6402818098754959,335
standard,power_2,5,CAMEO,All,Power-2,Power-2 · standard,invalid_rate,Invalid rate,lower,0,0,335
standard,power_2,5,CAMEO,All,Power-2,Power-2 · standard,infer_seconds_per_output,Seconds/output,lower,2.988371919639193,0.3426630868885175,335
standard,power_2,5,CAMEO,All,Power-2,Power-2 · standard,trajectory_plddt_mean_all_frames,Trajectory pLDDT,higher,85.31356604618813,1.0872021867488515,335
standard,linear,10,CAMEO,All,Linear,Linear · standard,plddt_mean,pLDDT,higher,94.94460271653675,0.25714009380862585,336
standard,linear,10,CAMEO,All,Linear,Linear · standard,diversity,Diversity,higher,8.946119930772554,0.6473558498606139,336
standard,linear,10,CAMEO,All,Linear,Linear · standard,rmsd_mean,Endpoint spread,higher,8.946119930772554,0.6473558498606139,336
standard,linear,10,CAMEO,All,Linear,Linear · standard,invalid_rate,Invalid rate,lower,0,0,336
standard,linear,10,CAMEO,All,Linear,Linear · standard,infer_seconds_per_output,Seconds/output,lower,6.004105410864126,0.6856038904173595,336
standard,linear,10,CAMEO,All,Linear,Linear · standard,trajectory_plddt_mean_all_frames,Trajectory pLDDT,higher,88.4922557385195,0.8285856508267199,336
standard,entropic,10,CAMEO,All,Entropic,Entropic · standard,plddt_mean,pLDDT,higher,95.84691877222772,0.20333354844765741,335
standard,entropic,10,CAMEO,All,Entropic,Entropic · standard,diversity,Diversity,higher,8.77080530123924,0.6389013304492529,335
standard,entropic,10,CAMEO,All,Entropic,Entropic · standard,rmsd_mean,Endpoint spread,higher,8.77080530123924,0.6389013304492529,335
standard,entropic,10,CAMEO,All,Entropic,Entropic · standard,invalid_rate,Invalid rate,lower,0,0,335
standard,entropic,10,CAMEO,All,Entropic,Entropic · standard,infer_seconds_per_output,Seconds/output,lower,5.981659107739384,0.686571609541694,335
standard,entropic,10,CAMEO,All,Entropic,Entropic · standard,trajectory_plddt_mean_all_frames,Trajectory pLDDT,higher,88.73276148013223,0.8141811429274044,335
standard,entropic_log1p,10,CAMEO,All,Entropic-log1p,Entropic-log1p · standard,plddt_mean,pLDDT,higher,95.84418709029012,0.2047800421232139,335
standard,entropic_log1p,10,CAMEO,All,Entropic-log1p,Entropic-log1p · standard,diversity,Diversity,higher,8.724417124221574,0.636732099754906,335
standard,entropic_log1p,10,CAMEO,All,Entropic-log1p,Entropic-log1p · standard,rmsd_mean,Endpoint spread,higher,8.724417124221574,0.636732099754906,335
standard,entropic_log1p,10,CAMEO,All,Entropic-log1p,Entropic-log1p · standard,invalid_rate,Invalid rate,lower,0,0,335
standard,entropic_log1p,10,CAMEO,All,Entropic-log1p,Entropic-log1p · standard,infer_seconds_per_output,Seconds/output,lower,5.974275711837482,0.6851285619060826,335
standard,entropic_log1p,10,CAMEO,All,Entropic-log1p,Entropic-log1p · standard,trajectory_plddt_mean_all_frames,Trajectory pLDDT,higher,88.73151043251372,0.8149642356449094,335
standard,cosine,10,CAMEO,All,Cosine,Cosine · standard,plddt_mean,pLDDT,higher,97.3281192267119,0.1520010536801719,335
standard,cosine,10,CAMEO,All,Cosine,Cosine · standard,diversity,Diversity,higher,7.905595419300136,0.6094737512636135,335
standard,cosine,10,CAMEO,All,Cosine,Cosine · standard,rmsd_mean,Endpoint spread,higher,7.905595419300136,0.6094737512636135,335
standard,cosine,10,CAMEO,All,Cosine,Cosine · standard,invalid_rate,Invalid rate,lower,0,0,335
standard,cosine,10,CAMEO,All,Cosine,Cosine · standard,infer_seconds_per_output,Seconds/output,lower,5.981646636040506,0.6866948309366608,335
standard,cosine,10,CAMEO,All,Cosine,Cosine · standard,trajectory_plddt_mean_all_frames,Trajectory pLDDT,higher,88.8309230952477,0.8284878455119141,335
standard,sigmoid,10,CAMEO,All,Sigmoid,Sigmoid · standard,plddt_mean,pLDDT,higher,97.83340185934038,0.16256191633183117,335
standard,sigmoid,10,CAMEO,All,Sigmoid,Sigmoid · standard,diversity,Diversity,higher,7.097875963396101,0.5872171583053406,335
standard,sigmoid,10,CAMEO,All,Sigmoid,Sigmoid · standard,rmsd_mean,Endpoint spread,higher,7.097875963396101,0.5872171583053406,335
standard,sigmoid,10,CAMEO,All,Sigmoid,Sigmoid · standard,invalid_rate,Invalid rate,lower,0,0,335
standard,sigmoid,10,CAMEO,All,Sigmoid,Sigmoid · standard,infer_seconds_per_output,Seconds/output,lower,5.9735438040899,0.6855234041876807,335
standard,sigmoid,10,CAMEO,All,Sigmoid,Sigmoid · standard,trajectory_plddt_mean_all_frames,Trajectory pLDDT,higher,89.24121877357136,0.8126697851487986,335
standard,power_2,10,CAMEO,All,Power-2,Power-2 · standard,plddt_mean,pLDDT,higher,94.0642628941808,0.48443474489060473,333
standard,power_2,10,CAMEO,All,Power-2,Power-2 · standard,diversity,Diversity,higher,8.618679762244582,0.6989053130697935,333
standard,power_2,10,CAMEO,All,Power-2,Power-2 · standard,rmsd_mean,Endpoint spread,higher,8.618679762244582,0.6989053130697935,333
standard,power_2,10,CAMEO,All,Power-2,Power-2 · standard,invalid_rate,Invalid rate,lower,0,0,333
standard,power_2,10,CAMEO,All,Power-2,Power-2 · standard,infer_seconds_per_output,Seconds/output,lower,5.927451642078079,0.6861518468949114,333
standard,power_2,10,CAMEO,All,Power-2,Power-2 · standard,trajectory_plddt_mean_all_frames,Trajectory pLDDT,higher,86.71009076064058,1.0200952845762732,333
standard,linear,25,CAMEO,All,Linear,Linear · standard,plddt_mean,pLDDT,higher,95.7329923084804,0.14276807662363344,336
standard,linear,25,CAMEO,All,Linear,Linear · standard,diversity,Diversity,higher,9.903933765632766,0.7265784686207585,336
standard,linear,25,CAMEO,All,Linear,Linear · standard,rmsd_mean,Endpoint spread,higher,9.903933765632766,0.7265784686207585,336
standard,linear,25,CAMEO,All,Linear,Linear · standard,invalid_rate,Invalid rate,lower,0,0,336
standard,linear,25,CAMEO,All,Linear,Linear · standard,infer_seconds_per_output,Seconds/output,lower,15.027193474129273,1.7178261514561615,336
standard,linear,25,CAMEO,All,Linear,Linear · standard,trajectory_plddt_mean_all_frames,Trajectory pLDDT,higher,89.27002518756045,0.7210502798806792,336
standard,entropic,25,CAMEO,All,Entropic,Entropic · standard,plddt_mean,pLDDT,higher,97.02125964947601,0.11527453618465346,335
standard,entropic,25,CAMEO,All,Entropic,Entropic · standard,diversity,Diversity,higher,9.42860514156854,0.6999811359463584,335
standard,entropic,25,CAMEO,All,Entropic,Entropic · standard,rmsd_mean,Endpoint spread,higher,9.42860514156854,0.6999811359463584,335
standard,entropic,25,CAMEO,All,Entropic,Entropic · standard,invalid_rate,Invalid rate,lower,0,0,335
standard,entropic,25,CAMEO,All,Entropic,Entropic · standard,infer_seconds_per_output,Seconds/output,lower,14.93345951681571,1.7123447984770443,335
standard,entropic,25,CAMEO,All,Entropic,Entropic · standard,trajectory_plddt_mean_all_frames,Trajectory pLDDT,higher,89.51797783011824,0.7099015174023323,335
standard,entropic_log1p,25,CAMEO,All,Entropic-log1p,Entropic-log1p · standard,plddt_mean,pLDDT,higher,97.03066093857224,0.1166046468172451,333
standard,entropic_log1p,25,CAMEO,All,Entropic-log1p,Entropic-log1p · standard,diversity,Diversity,higher,9.398855835825831,0.6993401812924599,333
standard,entropic_log1p,25,CAMEO,All,Entropic-log1p,Entropic-log1p · standard,rmsd_mean,Endpoint spread,higher,9.398855835825831,0.6993401812924599,333
standard,entropic_log1p,25,CAMEO,All,Entropic-log1p,Entropic-log1p · standard,invalid_rate,Invalid rate,lower,0,0,333
standard,entropic_log1p,25,CAMEO,All,Entropic-log1p,Entropic-log1p · standard,infer_seconds_per_output,Seconds/output,lower,14.81383344952217,1.715252917093081,333
standard,entropic_log1p,25,CAMEO,All,Entropic-log1p,Entropic-log1p · standard,trajectory_plddt_mean_all_frames,Trajectory pLDDT,higher,89.51462545893212,0.7083039147054477,333
standard,cosine,25,CAMEO,All,Cosine,Cosine · standard,plddt_mean,pLDDT,higher,97.09247651171329,0.121933875656557,335
standard,cosine,25,CAMEO,All,Cosine,Cosine · standard,diversity,Diversity,higher,9.139250985899968,0.6876732624680694,335
standard,cosine,25,CAMEO,All,Cosine,Cosine · standard,rmsd_mean,Endpoint spread,higher,9.139250985899968,0.6876732624680694,335
standard,cosine,25,CAMEO,All,Cosine,Cosine · standard,invalid_rate,Invalid rate,lower,0,0,335
standard,cosine,25,CAMEO,All,Cosine,Cosine · standard,infer_seconds_per_output,Seconds/output,lower,14.932324459497407,1.71321293802039,335
standard,cosine,25,CAMEO,All,Cosine,Cosine · standard,trajectory_plddt_mean_all_frames,Trajectory pLDDT,higher,89.52627091820555,0.730346692559135,335
standard,sigmoid,25,CAMEO,All,Sigmoid,Sigmoid · standard,plddt_mean,pLDDT,higher,97.1102071733617,0.14815853473560608,335
standard,sigmoid,25,CAMEO,All,Sigmoid,Sigmoid · standard,diversity,Diversity,higher,8.596577499873602,0.6727649325515677,335
standard,sigmoid,25,CAMEO,All,Sigmoid,Sigmoid · standard,rmsd_mean,Endpoint spread,higher,8.596577499873602,0.6727649325515677,335
standard,sigmoid,25,CAMEO,All,Sigmoid,Sigmoid · standard,invalid_rate,Invalid rate,lower,0,0,335
standard,sigmoid,25,CAMEO,All,Sigmoid,Sigmoid · standard,infer_seconds_per_output,Seconds/output,lower,14.954001126323876,1.7155404535731678,335
standard,sigmoid,25,CAMEO,All,Sigmoid,Sigmoid · standard,trajectory_plddt_mean_all_frames,Trajectory pLDDT,higher,89.95413353228211,0.7301224373010415,335
standard,power_2,25,CAMEO,All,Power-2,Power-2 · standard,plddt_mean,pLDDT,higher,94.91885873270179,0.2048353547140954,331
standard,power_2,25,CAMEO,All,Power-2,Power-2 · standard,diversity,Diversity,higher,9.779139742390267,0.7463555460926241,331
standard,power_2,25,CAMEO,All,Power-2,Power-2 · standard,rmsd_mean,Endpoint spread,higher,9.779139742390267,0.7463555460926241,331
standard,power_2,25,CAMEO,All,Power-2,Power-2 · standard,invalid_rate,Invalid rate,lower,0,0,331
standard,power_2,25,CAMEO,All,Power-2,Power-2 · standard,infer_seconds_per_output,Seconds/output,lower,14.658291099171521,1.7130282202170064,331
standard,power_2,25,CAMEO,All,Power-2,Power-2 · standard,trajectory_plddt_mean_all_frames,Trajectory pLDDT,higher,87.6607558109249,0.9446235193549574,331
standard,linear,5,CAMEO,Short,Linear,Linear · standard,plddt_mean,pLDDT,higher,89.58473791122437,1.9841536190267988,50
standard,linear,5,CAMEO,Short,Linear,Linear · standard,diversity,Diversity,higher,5.380335781574249,0.8529901615521509,50
standard,linear,5,CAMEO,Short,Linear,Linear · standard,rmsd_mean,Endpoint spread,higher,5.380335781574249,0.8529901615521509,50
standard,linear,5,CAMEO,Short,Linear,Linear · standard,invalid_rate,Invalid rate,lower,0,0,50
standard,linear,5,CAMEO,Short,Linear,Linear · standard,infer_seconds_per_output,Seconds/output,lower,0.7842741669667884,0.003863393812660339,50
standard,linear,5,CAMEO,Short,Linear,Linear · standard,trajectory_plddt_mean_all_frames,Trajectory pLDDT,higher,78.952930770874,3.0116829604874944,50
standard,entropic,5,CAMEO,Short,Entropic,Entropic · standard,plddt_mean,pLDDT,higher,90.47314449310302,1.8313017610974345,50
standard,entropic,5,CAMEO,Short,Entropic,Entropic · standard,diversity,Diversity,higher,5.401352112293243,0.8979243151787121,50
standard,entropic,5,CAMEO,Short,Entropic,Entropic · standard,rmsd_mean,Endpoint spread,higher,5.401352112293243,0.8979243151787121,50
standard,entropic,5,CAMEO,Short,Entropic,Entropic · standard,invalid_rate,Invalid rate,lower,0,0,50
standard,entropic,5,CAMEO,Short,Entropic,Entropic · standard,infer_seconds_per_output,Seconds/output,lower,0.7797204064344987,0.004535377092209309,50
standard,entropic,5,CAMEO,Short,Entropic,Entropic · standard,trajectory_plddt_mean_all_frames,Trajectory pLDDT,higher,79.402370639801,2.9549089791758827,50
standard,entropic_log1p,5,CAMEO,Short,Entropic-log1p,Entropic-log1p · standard,plddt_mean,pLDDT,higher,90.45490663528443,1.8375966444067746,50
standard,entropic_log1p,5,CAMEO,Short,Entropic-log1p,Entropic-log1p · standard,diversity,Diversity,higher,5.364682188034058,0.8660603977253909,50
standard,entropic_log1p,5,CAMEO,Short,Entropic-log1p,Entropic-log1p · standard,rmsd_mean,Endpoint spread,higher,5.364682188034058,0.8660603977253909,50
standard,entropic_log1p,5,CAMEO,Short,Entropic-log1p,Entropic-log1p · standard,invalid_rate,Invalid rate,lower,0,0,50
standard,entropic_log1p,5,CAMEO,Short,Entropic-log1p,Entropic-log1p · standard,infer_seconds_per_output,Seconds/output,lower,0.7799730317527428,0.004573190176405097,50
standard,entropic_log1p,5,CAMEO,Short,Entropic-log1p,Entropic-log1p · standard,trajectory_plddt_mean_all_frames,Trajectory pLDDT,higher,79.39524980926512,2.9564026582691665,50
standard,cosine,5,CAMEO,Short,Cosine,Cosine · standard,plddt_mean,pLDDT,higher,92.42075138092041,1.5614328199970358,50
standard,cosine,5,CAMEO,Short,Cosine,Cosine · standard,diversity,Diversity,higher,4.98571272611618,0.7759252573144664,50
standard,cosine,5,CAMEO,Short,Cosine,Cosine · standard,rmsd_mean,Endpoint spread,higher,4.98571272611618,0.7759252573144664,50
standard,cosine,5,CAMEO,Short,Cosine,Cosine · standard,invalid_rate,Invalid rate,lower,0,0,50
standard,cosine,5,CAMEO,Short,Cosine,Cosine · standard,infer_seconds_per_output,Seconds/output,lower,0.7804953011171892,0.004431263778687805,50
standard,cosine,5,CAMEO,Short,Cosine,Cosine · standard,trajectory_plddt_mean_all_frames,Trajectory pLDDT,higher,78.899247592926,2.980727019110013,50
standard,sigmoid,5,CAMEO,Short,Sigmoid,Sigmoid · standard,plddt_mean,pLDDT,higher,95.04292613983154,1.0702819326775483,50
standard,sigmoid,5,CAMEO,Short,Sigmoid,Sigmoid · standard,diversity,Diversity,higher,4.468957190513611,0.867273395234319,50
standard,sigmoid,5,CAMEO,Short,Sigmoid,Sigmoid · standard,rmsd_mean,Endpoint spread,higher,4.468957190513611,0.867273395234319,50
standard,sigmoid,5,CAMEO,Short,Sigmoid,Sigmoid · standard,invalid_rate,Invalid rate,lower,0,0,50
standard,sigmoid,5,CAMEO,Short,Sigmoid,Sigmoid · standard,infer_seconds_per_output,Seconds/output,lower,0.7800588773936034,0.004168046902074973,50
standard,sigmoid,5,CAMEO,Short,Sigmoid,Sigmoid · standard,trajectory_plddt_mean_all_frames,Trajectory pLDDT,higher,79.19904373931885,2.9003856004929256,50
standard,power_2,5,CAMEO,Short,Power-2,Power-2 · standard,plddt_mean,pLDDT,higher,84.30304750442505,2.8700253442314705,50
standard,power_2,5,CAMEO,Short,Power-2,Power-2 · standard,diversity,Diversity,higher,5.3393912959098815,1.0351619983299054,50
standard,power_2,5,CAMEO,Short,Power-2,Power-2 · standard,rmsd_mean,Endpoint spread,higher,5.3393912959098815,1.0351619983299054,50
standard,power_2,5,CAMEO,Short,Power-2,Power-2 · standard,invalid_rate,Invalid rate,lower,0,0,50
standard,power_2,5,CAMEO,Short,Power-2,Power-2 · standard,infer_seconds_per_output,Seconds/output,lower,0.780713423457928,0.004868318522828648,50
standard,power_2,5,CAMEO,Short,Power-2,Power-2 · standard,trajectory_plddt_mean_all_frames,Trajectory pLDDT,higher,74.9105008049011,3.4123564913271873,50
standard,linear,10,CAMEO,Short,Linear,Linear · standard,plddt_mean,pLDDT,higher,93.92079906463623,0.943511171164695,50
standard,linear,10,CAMEO,Short,Linear,Linear · standard,diversity,Diversity,higher,6.3352766966819765,1.0291434143150282,50
standard,linear,10,CAMEO,Short,Linear,Linear · standard,rmsd_mean,Endpoint spread,higher,6.3352766966819765,1.0291434143150282,50
standard,linear,10,CAMEO,Short,Linear,Linear · standard,invalid_rate,Invalid rate,lower,0,0,50
standard,linear,10,CAMEO,Short,Linear,Linear · standard,infer_seconds_per_output,Seconds/output,lower,1.5614778415532782,0.008713619938254575,50
standard,linear,10,CAMEO,Short,Linear,Linear · standard,trajectory_plddt_mean_all_frames,Trajectory pLDDT,higher,80.93365868759155,2.7119697191686027,50
standard,entropic,10,CAMEO,Short,Entropic,Entropic · standard,plddt_mean,pLDDT,higher,94.98221141815185,0.7798097259725307,50
standard,entropic,10,CAMEO,Short,Entropic,Entropic · standard,diversity,Diversity,higher,6.250546340942383,1.0094343633194423,50
standard,entropic,10,CAMEO,Short,Entropic,Entropic · standard,rmsd_mean,Endpoint spread,higher,6.250546340942383,1.0094343633194423,50
standard,entropic,10,CAMEO,Short,Entropic,Entropic · standard,invalid_rate,Invalid rate,lower,0,0,50
standard,entropic,10,CAMEO,Short,Entropic,Entropic · standard,infer_seconds_per_output,Seconds/output,lower,1.558909573755227,0.008889947659649998,50
standard,entropic,10,CAMEO,Short,Entropic,Entropic · standard,trajectory_plddt_mean_all_frames,Trajectory pLDDT,higher,81.35411181640629,2.6724067603900976,50
standard,entropic_log1p,10,CAMEO,Short,Entropic-log1p,Entropic-log1p · standard,plddt_mean,pLDDT,higher,94.96211605072021,0.8037007146097129,50
standard,entropic_log1p,10,CAMEO,Short,Entropic-log1p,Entropic-log1p · standard,diversity,Diversity,higher,6.143452904224396,0.9801356049424771,50
standard,entropic_log1p,10,CAMEO,Short,Entropic-log1p,Entropic-log1p · standard,rmsd_mean,Endpoint spread,higher,6.143452904224396,0.9801356049424771,50
standard,entropic_log1p,10,CAMEO,Short,Entropic-log1p,Entropic-log1p · standard,invalid_rate,Invalid rate,lower,0,0,50
standard,entropic_log1p,10,CAMEO,Short,Entropic-log1p,Entropic-log1p · standard,infer_seconds_per_output,Seconds/output,lower,1.5599612380377947,0.009252171012222025,50
standard,entropic_log1p,10,CAMEO,Short,Entropic-log1p,Entropic-log1p · standard,trajectory_plddt_mean_all_frames,Trajectory pLDDT,higher,81.3505845298767,2.684470259697746,50
standard,cosine,10,CAMEO,Short,Cosine,Cosine · standard,plddt_mean,pLDDT,higher,95.92172603607177,0.7116876668131337,50
standard,cosine,10,CAMEO,Short,Cosine,Cosine · standard,diversity,Diversity,higher,5.863538546562195,0.9845649335273813,50
standard,cosine,10,CAMEO,Short,Cosine,Cosine · standard,rmsd_mean,Endpoint spread,higher,5.863538546562195,0.9845649335273813,50
standard,cosine,10,CAMEO,Short,Cosine,Cosine · standard,invalid_rate,Invalid rate,lower,0,0,50
standard,cosine,10,CAMEO,Short,Cosine,Cosine · standard,infer_seconds_per_output,Seconds/output,lower,1.557226217808202,0.009106136845682346,50
standard,cosine,10,CAMEO,Short,Cosine,Cosine · standard,trajectory_plddt_mean_all_frames,Trajectory pLDDT,higher,80.84391205596924,2.7262826251185093,50
standard,sigmoid,10,CAMEO,Short,Sigmoid,Sigmoid · standard,plddt_mean,pLDDT,higher,95.9852975845337,0.8660153603305782,50
standard,sigmoid,10,CAMEO,Short,Sigmoid,Sigmoid · standard,diversity,Diversity,higher,5.457064375877381,0.9750068381154535,50
standard,sigmoid,10,CAMEO,Short,Sigmoid,Sigmoid · standard,rmsd_mean,Endpoint spread,higher,5.457064375877381,0.9750068381154535,50
standard,sigmoid,10,CAMEO,Short,Sigmoid,Sigmoid · standard,invalid_rate,Invalid rate,lower,0,0,50
standard,sigmoid,10,CAMEO,Short,Sigmoid,Sigmoid · standard,infer_seconds_per_output,Seconds/output,lower,1.5589486545417457,0.009370788935976258,50
standard,sigmoid,10,CAMEO,Short,Sigmoid,Sigmoid · standard,trajectory_plddt_mean_all_frames,Trajectory pLDDT,higher,81.16864564704892,2.6924109872608897,50
standard,power_2,10,CAMEO,Short,Power-2,Power-2 · standard,plddt_mean,pLDDT,higher,90.06951923370362,1.9674776830860328,50
standard,power_2,10,CAMEO,Short,Power-2,Power-2 · standard,diversity,Diversity,higher,6.225498692989349,1.1122187730913593,50
standard,power_2,10,CAMEO,Short,Power-2,Power-2 · standard,rmsd_mean,Endpoint spread,higher,6.225498692989349,1.1122187730913593,50
standard,power_2,10,CAMEO,Short,Power-2,Power-2 · standard,invalid_rate,Invalid rate,lower,0,0,50
standard,power_2,10,CAMEO,Short,Power-2,Power-2 · standard,infer_seconds_per_output,Seconds/output,lower,1.5581142762163653,0.007988329943609963,50
standard,power_2,10,CAMEO,Short,Power-2,Power-2 · standard,trajectory_plddt_mean_all_frames,Trajectory pLDDT,higher,76.6004694747925,3.3045417412109015,50
standard,linear,25,CAMEO,Short,Linear,Linear · standard,plddt_mean,pLDDT,higher,95.66064308166504,0.5391489258001771,50
standard,linear,25,CAMEO,Short,Linear,Linear · standard,diversity,Diversity,higher,6.839879901409149,1.0547290742691726,50
standard,linear,25,CAMEO,Short,Linear,Linear · standard,rmsd_mean,Endpoint spread,higher,6.839879901409149,1.0547290742691726,50
standard,linear,25,CAMEO,Short,Linear,Linear · standard,invalid_rate,Invalid rate,lower,0,0,50
standard,linear,25,CAMEO,Short,Linear,Linear · standard,infer_seconds_per_output,Seconds/output,lower,3.8988382934499533,0.02255888147496101,50
standard,linear,25,CAMEO,Short,Linear,Linear · standard,trajectory_plddt_mean_all_frames,Trajectory pLDDT,higher,82.38341254577635,2.472052004936908,50
standard,entropic,25,CAMEO,Short,Entropic,Entropic · standard,plddt_mean,pLDDT,higher,96.12984966278076,0.5226139375134932,50
standard,entropic,25,CAMEO,Short,Entropic,Entropic · standard,diversity,Diversity,higher,6.743563852310181,1.0396627749701364,50
standard,entropic,25,CAMEO,Short,Entropic,Entropic · standard,rmsd_mean,Endpoint spread,higher,6.743563852310181,1.0396627749701364,50
standard,entropic,25,CAMEO,Short,Entropic,Entropic · standard,invalid_rate,Invalid rate,lower,0,0,50
standard,entropic,25,CAMEO,Short,Entropic,Entropic · standard,infer_seconds_per_output,Seconds/output,lower,3.8982371400576086,0.021031422183168346,50
standard,entropic,25,CAMEO,Short,Entropic,Entropic · standard,trajectory_plddt_mean_all_frames,Trajectory pLDDT,higher,82.79871704788208,2.4388973819164197,50
standard,entropic_log1p,25,CAMEO,Short,Entropic-log1p,Entropic-log1p · standard,plddt_mean,pLDDT,higher,96.12079662322998,0.5359136392516077,50
standard,entropic_log1p,25,CAMEO,Short,Entropic-log1p,Entropic-log1p · standard,diversity,Diversity,higher,6.762769069671631,1.0663777874351053,50
standard,entropic_log1p,25,CAMEO,Short,Entropic-log1p,Entropic-log1p · standard,rmsd_mean,Endpoint spread,higher,6.762769069671631,1.0663777874351053,50
standard,entropic_log1p,25,CAMEO,Short,Entropic-log1p,Entropic-log1p · standard,invalid_rate,Invalid rate,lower,0,0,50
standard,entropic_log1p,25,CAMEO,Short,Entropic-log1p,Entropic-log1p · standard,infer_seconds_per_output,Seconds/output,lower,3.8905352707067506,0.020727235036612834,50
standard,entropic_log1p,25,CAMEO,Short,Entropic-log1p,Entropic-log1p · standard,trajectory_plddt_mean_all_frames,Trajectory pLDDT,higher,82.86042107009888,2.412481868917175,50
standard,cosine,25,CAMEO,Short,Cosine,Cosine · standard,plddt_mean,pLDDT,higher,95.93332313537597,0.582225818849392,50
standard,cosine,25,CAMEO,Short,Cosine,Cosine · standard,diversity,Diversity,higher,6.306318702697754,0.9260230848563248,50
standard,cosine,25,CAMEO,Short,Cosine,Cosine · standard,rmsd_mean,Endpoint spread,higher,6.306318702697754,0.9260230848563248,50
standard,cosine,25,CAMEO,Short,Cosine,Cosine · standard,invalid_rate,Invalid rate,lower,0,0,50
standard,cosine,25,CAMEO,Short,Cosine,Cosine · standard,infer_seconds_per_output,Seconds/output,lower,3.8993631928320975,0.021627184331322036,50
standard,cosine,25,CAMEO,Short,Cosine,Cosine · standard,trajectory_plddt_mean_all_frames,Trajectory pLDDT,higher,82.4020471244812,2.466409199529956,50
standard,sigmoid,25,CAMEO,Short,Sigmoid,Sigmoid · standard,plddt_mean,pLDDT,higher,95.4927000427246,0.7694607280518299,50
standard,sigmoid,25,CAMEO,Short,Sigmoid,Sigmoid · standard,diversity,Diversity,higher,5.899155592918396,0.8846914899212357,50
standard,sigmoid,25,CAMEO,Short,Sigmoid,Sigmoid · standard,rmsd_mean,Endpoint spread,higher,5.899155592918396,0.8846914899212357,50
standard,sigmoid,25,CAMEO,Short,Sigmoid,Sigmoid · standard,invalid_rate,Invalid rate,lower,0,0,50
standard,sigmoid,25,CAMEO,Short,Sigmoid,Sigmoid · standard,infer_seconds_per_output,Seconds/output,lower,3.897584761842154,0.019696893505888276,50
standard,sigmoid,25,CAMEO,Short,Sigmoid,Sigmoid · standard,trajectory_plddt_mean_all_frames,Trajectory pLDDT,higher,82.59838799209592,2.44435641662814,50
standard,power_2,25,CAMEO,Short,Power-2,Power-2 · standard,plddt_mean,pLDDT,higher,94.66861164093018,0.8380446268560123,50
standard,power_2,25,CAMEO,Short,Power-2,Power-2 · standard,diversity,Diversity,higher,6.6107801342010495,1.0355323740571274,50
standard,power_2,25,CAMEO,Short,Power-2,Power-2 · standard,rmsd_mean,Endpoint spread,higher,6.6107801342010495,1.0355323740571274,50
standard,power_2,25,CAMEO,Short,Power-2,Power-2 · standard,invalid_rate,Invalid rate,lower,0,0,50
standard,power_2,25,CAMEO,Short,Power-2,Power-2 · standard,infer_seconds_per_output,Seconds/output,lower,3.8951851487020033,0.02250012574174874,50
standard,power_2,25,CAMEO,Short,Power-2,Power-2 · standard,trajectory_plddt_mean_all_frames,Trajectory pLDDT,higher,78.2495425819397,3.086516670817246,50
standard,linear,5,CAMEO,Medium,Linear,Linear · standard,plddt_mean,pLDDT,higher,93.95640154993811,0.6157687036998446,215
standard,linear,5,CAMEO,Medium,Linear,Linear · standard,diversity,Diversity,higher,7.052683225897855,0.748640003229114,215
standard,linear,5,CAMEO,Medium,Linear,Linear · standard,rmsd_mean,Endpoint spread,higher,7.052683225897855,0.748640003229114,215
standard,linear,5,CAMEO,Medium,Linear,Linear · standard,invalid_rate,Invalid rate,lower,0,0,215
standard,linear,5,CAMEO,Medium,Linear,Linear · standard,infer_seconds_per_output,Seconds/output,lower,1.7165385585784545,0.1072081904962732,215
standard,linear,5,CAMEO,Medium,Linear,Linear · standard,trajectory_plddt_mean_all_frames,Trajectory pLDDT,higher,88.1242814991086,1.1410674636198797,215
standard,entropic,5,CAMEO,Medium,Entropic,Entropic · standard,plddt_mean,pLDDT,higher,94.37921630504519,0.5705610293743535,215
standard,entropic,5,CAMEO,Medium,Entropic,Entropic · standard,diversity,Diversity,higher,7.0133642113486,0.7504437157454585,215
standard,entropic,5,CAMEO,Medium,Entropic,Entropic · standard,rmsd_mean,Endpoint spread,higher,7.0133642113486,0.7504437157454585,215
standard,entropic,5,CAMEO,Medium,Entropic,Entropic · standard,invalid_rate,Invalid rate,lower,0,0,215
standard,entropic,5,CAMEO,Medium,Entropic,Entropic · standard,infer_seconds_per_output,Seconds/output,lower,1.712542170418838,0.10699136566709641,215
standard,entropic,5,CAMEO,Medium,Entropic,Entropic · standard,trajectory_plddt_mean_all_frames,Trajectory pLDDT,higher,88.29948663578479,1.1229963243610261,215
standard,entropic_log1p,5,CAMEO,Medium,Entropic-log1p,Entropic-log1p · standard,plddt_mean,pLDDT,higher,94.3762405306794,0.5710752571686887,215
standard,entropic_log1p,5,CAMEO,Medium,Entropic-log1p,Entropic-log1p · standard,diversity,Diversity,higher,6.992596477131511,0.7424018650808684,215
standard,entropic_log1p,5,CAMEO,Medium,Entropic-log1p,Entropic-log1p · standard,rmsd_mean,Endpoint spread,higher,6.992596477131511,0.7424018650808684,215
standard,entropic_log1p,5,CAMEO,Medium,Entropic-log1p,Entropic-log1p · standard,invalid_rate,Invalid rate,lower,0,0,215
standard,entropic_log1p,5,CAMEO,Medium,Entropic-log1p,Entropic-log1p · standard,infer_seconds_per_output,Seconds/output,lower,1.7141755264008764,0.1069443210402125,215
standard,entropic_log1p,5,CAMEO,Medium,Entropic-log1p,Entropic-log1p · standard,trajectory_plddt_mean_all_frames,Trajectory pLDDT,higher,88.29666617548747,1.1236778670893657,215
standard,cosine,5,CAMEO,Medium,Cosine,Cosine · standard,plddt_mean,pLDDT,higher,95.88773945653162,0.4467765970003782,215
standard,cosine,5,CAMEO,Medium,Cosine,Cosine · standard,diversity,Diversity,higher,6.349771980906642,0.6974191425959467,215
standard,cosine,5,CAMEO,Medium,Cosine,Cosine · standard,rmsd_mean,Endpoint spread,higher,6.349771980906642,0.6974191425959467,215
standard,cosine,5,CAMEO,Medium,Cosine,Cosine · standard,invalid_rate,Invalid rate,lower,0,0,215
standard,cosine,5,CAMEO,Medium,Cosine,Cosine · standard,infer_seconds_per_output,Seconds/output,lower,1.7132337767438595,0.10723829967882359,215
standard,cosine,5,CAMEO,Medium,Cosine,Cosine · standard,trajectory_plddt_mean_all_frames,Trajectory pLDDT,higher,88.39764769177104,1.1174448182125085,215
standard,sigmoid,5,CAMEO,Medium,Sigmoid,Sigmoid · standard,plddt_mean,pLDDT,higher,97.89516580271166,0.20999472750264173,215
standard,sigmoid,5,CAMEO,Medium,Sigmoid,Sigmoid · standard,diversity,Diversity,higher,5.056787734530693,0.6225077152753082,215
standard,sigmoid,5,CAMEO,Medium,Sigmoid,Sigmoid · standard,rmsd_mean,Endpoint spread,higher,5.056787734530693,0.6225077152753082,215
standard,sigmoid,5,CAMEO,Medium,Sigmoid,Sigmoid · standard,invalid_rate,Invalid rate,lower,0,0,215
standard,sigmoid,5,CAMEO,Medium,Sigmoid,Sigmoid · standard,infer_seconds_per_output,Seconds/output,lower,1.7143090831077938,0.10707039352645013,215
standard,sigmoid,5,CAMEO,Medium,Sigmoid,Sigmoid · standard,trajectory_plddt_mean_all_frames,Trajectory pLDDT,higher,88.95242262818091,1.062189619891395,215
standard,power_2,5,CAMEO,Medium,Power-2,Power-2 · standard,plddt_mean,pLDDT,higher,92.07376457924066,0.841246311220399,215
standard,power_2,5,CAMEO,Medium,Power-2,Power-2 · standard,diversity,Diversity,higher,6.64550122410752,0.7932840311610903,215
standard,power_2,5,CAMEO,Medium,Power-2,Power-2 · standard,rmsd_mean,Endpoint spread,higher,6.64550122410752,0.7932840311610903,215
standard,power_2,5,CAMEO,Medium,Power-2,Power-2 · standard,invalid_rate,Invalid rate,lower,0,0,215
standard,power_2,5,CAMEO,Medium,Power-2,Power-2 · standard,infer_seconds_per_output,Seconds/output,lower,1.7127320887209565,0.10699197862441608,215
standard,power_2,5,CAMEO,Medium,Power-2,Power-2 · standard,trajectory_plddt_mean_all_frames,Trajectory pLDDT,higher,86.73448291778564,1.273210249226292,215
standard,linear,10,CAMEO,Medium,Linear,Linear · standard,plddt_mean,pLDDT,higher,95.38325869538063,0.30547137218898435,215
standard,linear,10,CAMEO,Medium,Linear,Linear · standard,diversity,Diversity,higher,8.485330071005711,0.7879117301617665,215
standard,linear,10,CAMEO,Medium,Linear,Linear · standard,rmsd_mean,Endpoint spread,higher,8.485330071005711,0.7879117301617665,215
standard,linear,10,CAMEO,Medium,Linear,Linear · standard,invalid_rate,Invalid rate,lower,0,0,215
standard,linear,10,CAMEO,Medium,Linear,Linear · standard,infer_seconds_per_output,Seconds/output,lower,3.4223916727819392,0.2142886797467723,215
standard,linear,10,CAMEO,Medium,Linear,Linear · standard,trajectory_plddt_mean_all_frames,Trajectory pLDDT,higher,89.55998506634735,0.9721791420948336,215
standard,entropic,10,CAMEO,Medium,Entropic,Entropic · standard,plddt_mean,pLDDT,higher,96.25480777829192,0.2307882711728963,215
standard,entropic,10,CAMEO,Medium,Entropic,Entropic · standard,diversity,Diversity,higher,8.277698287298513,0.7731354801669953,215
standard,entropic,10,CAMEO,Medium,Entropic,Entropic · standard,rmsd_mean,Endpoint spread,higher,8.277698287298513,0.7731354801669953,215
standard,entropic,10,CAMEO,Medium,Entropic,Entropic · standard,invalid_rate,Invalid rate,lower,0,0,215
standard,entropic,10,CAMEO,Medium,Entropic,Entropic · standard,infer_seconds_per_output,Seconds/output,lower,3.4241356574843618,0.21416429138840984,215
standard,entropic,10,CAMEO,Medium,Entropic,Entropic · standard,trajectory_plddt_mean_all_frames,Trajectory pLDDT,higher,89.77005062679916,0.9522747935894839,215
standard,entropic_log1p,10,CAMEO,Medium,Entropic-log1p,Entropic-log1p · standard,plddt_mean,pLDDT,higher,96.25379241233648,0.22946019953706262,215
standard,entropic_log1p,10,CAMEO,Medium,Entropic-log1p,Entropic-log1p · standard,diversity,Diversity,higher,8.262988076653592,0.7703226828676574,215
standard,entropic_log1p,10,CAMEO,Medium,Entropic-log1p,Entropic-log1p · standard,rmsd_mean,Endpoint spread,higher,8.262988076653592,0.7703226828676574,215
standard,entropic_log1p,10,CAMEO,Medium,Entropic-log1p,Entropic-log1p · standard,invalid_rate,Invalid rate,lower,0,0,215
standard,entropic_log1p,10,CAMEO,Medium,Entropic-log1p,Entropic-log1p · standard,infer_seconds_per_output,Seconds/output,lower,3.422297481258757,0.21445698341343805,215
standard,entropic_log1p,10,CAMEO,Medium,Entropic-log1p,Entropic-log1p · standard,trajectory_plddt_mean_all_frames,Trajectory pLDDT,higher,89.76860815757925,0.9520875807186614,215
standard,cosine,10,CAMEO,Medium,Cosine,Cosine · standard,plddt_mean,pLDDT,higher,97.72320634708848,0.12657942378259213,215
standard,cosine,10,CAMEO,Medium,Cosine,Cosine · standard,diversity,Diversity,higher,7.4565445711446365,0.7468696593815188,215
standard,cosine,10,CAMEO,Medium,Cosine,Cosine · standard,rmsd_mean,Endpoint spread,higher,7.4565445711446365,0.7468696593815188,215
standard,cosine,10,CAMEO,Medium,Cosine,Cosine · standard,invalid_rate,Invalid rate,lower,0,0,215
standard,cosine,10,CAMEO,Medium,Cosine,Cosine · standard,infer_seconds_per_output,Seconds/output,lower,3.422820117343542,0.2138523914643149,215
standard,cosine,10,CAMEO,Medium,Cosine,Cosine · standard,trajectory_plddt_mean_all_frames,Trajectory pLDDT,higher,89.97609948003019,0.9516655422262017,215
standard,sigmoid,10,CAMEO,Medium,Sigmoid,Sigmoid · standard,plddt_mean,pLDDT,higher,98.22221779934196,0.081238699854574,215
standard,sigmoid,10,CAMEO,Medium,Sigmoid,Sigmoid · standard,diversity,Diversity,higher,6.652924296467803,0.7159632014336111,215
standard,sigmoid,10,CAMEO,Medium,Sigmoid,Sigmoid · standard,rmsd_mean,Endpoint spread,higher,6.652924296467803,0.7159632014336111,215
standard,sigmoid,10,CAMEO,Medium,Sigmoid,Sigmoid · standard,invalid_rate,Invalid rate,lower,0,0,215
standard,sigmoid,10,CAMEO,Medium,Sigmoid,Sigmoid · standard,infer_seconds_per_output,Seconds/output,lower,3.420267359944342,0.21390657526719858,215
standard,sigmoid,10,CAMEO,Medium,Sigmoid,Sigmoid · standard,trajectory_plddt_mean_all_frames,Trajectory pLDDT,higher,90.38694170974023,0.9214316617980879,215
standard,power_2,10,CAMEO,Medium,Power-2,Power-2 · standard,plddt_mean,pLDDT,higher,94.71927137153094,0.5118333233255331,215
standard,power_2,10,CAMEO,Medium,Power-2,Power-2 · standard,diversity,Diversity,higher,8.310540248072424,0.9177805592067128,215
standard,power_2,10,CAMEO,Medium,Power-2,Power-2 · standard,rmsd_mean,Endpoint spread,higher,8.310540248072424,0.9177805592067128,215
standard,power_2,10,CAMEO,Medium,Power-2,Power-2 · standard,invalid_rate,Invalid rate,lower,0,0,215
standard,power_2,10,CAMEO,Medium,Power-2,Power-2 · standard,infer_seconds_per_output,Seconds/output,lower,3.425125946978995,0.2144925011891568,215
standard,power_2,10,CAMEO,Medium,Power-2,Power-2 · standard,trajectory_plddt_mean_all_frames,Trajectory pLDDT,higher,88.12761971895087,1.1570732952195772,215
standard,linear,25,CAMEO,Medium,Linear,Linear · standard,plddt_mean,pLDDT,higher,96.24626904864644,0.12040340964279997,215
standard,linear,25,CAMEO,Medium,Linear,Linear · standard,diversity,Diversity,higher,9.740657998794733,0.9360724233039037,215
standard,linear,25,CAMEO,Medium,Linear,Linear · standard,rmsd_mean,Endpoint spread,higher,9.740657998794733,0.9360724233039037,215
standard,linear,25,CAMEO,Medium,Linear,Linear · standard,invalid_rate,Invalid rate,lower,0,0,215
standard,linear,25,CAMEO,Medium,Linear,Linear · standard,infer_seconds_per_output,Seconds/output,lower,8.555185784629904,0.5355950931734303,215
standard,linear,25,CAMEO,Medium,Linear,Linear · standard,trajectory_plddt_mean_all_frames,Trajectory pLDDT,higher,90.33498887332651,0.822581607028352,215
standard,entropic,25,CAMEO,Medium,Entropic,Entropic · standard,plddt_mean,pLDDT,higher,97.48573956156886,0.07790866495754993,215
standard,entropic,25,CAMEO,Medium,Entropic,Entropic · standard,diversity,Diversity,higher,9.293928306047306,0.8996746811299168,215
standard,entropic,25,CAMEO,Medium,Entropic,Entropic · standard,rmsd_mean,Endpoint spread,higher,9.293928306047306,0.8996746811299168,215
standard,entropic,25,CAMEO,Medium,Entropic,Entropic · standard,invalid_rate,Invalid rate,lower,0,0,215
standard,entropic,25,CAMEO,Medium,Entropic,Entropic · standard,infer_seconds_per_output,Seconds/output,lower,8.55367532134798,0.5377457799818541,215
standard,entropic,25,CAMEO,Medium,Entropic,Entropic · standard,trajectory_plddt_mean_all_frames,Trajectory pLDDT,higher,90.55503800023985,0.8076803546766149,215
standard,entropic_log1p,25,CAMEO,Medium,Entropic-log1p,Entropic-log1p · standard,plddt_mean,pLDDT,higher,97.49353915369788,0.07537890236971628,215
standard,entropic_log1p,25,CAMEO,Medium,Entropic-log1p,Entropic-log1p · standard,diversity,Diversity,higher,9.291397045933923,0.8956699188242371,215
standard,entropic_log1p,25,CAMEO,Medium,Entropic-log1p,Entropic-log1p · standard,rmsd_mean,Endpoint spread,higher,9.291397045933923,0.8956699188242371,215
standard,entropic_log1p,25,CAMEO,Medium,Entropic-log1p,Entropic-log1p · standard,invalid_rate,Invalid rate,lower,0,0,215
standard,entropic_log1p,25,CAMEO,Medium,Entropic-log1p,Entropic-log1p · standard,infer_seconds_per_output,Seconds/output,lower,8.555036746314727,0.536135498495224,215
standard,entropic_log1p,25,CAMEO,Medium,Entropic-log1p,Entropic-log1p · standard,trajectory_plddt_mean_all_frames,Trajectory pLDDT,higher,90.56420702770141,0.802683651109015,215
standard,cosine,25,CAMEO,Medium,Cosine,Cosine · standard,plddt_mean,pLDDT,higher,97.56838960869368,0.07341364776326482,215
standard,cosine,25,CAMEO,Medium,Cosine,Cosine · standard,diversity,Diversity,higher,9.225589922971503,0.9074029690902927,215
standard,cosine,25,CAMEO,Medium,Cosine,Cosine · standard,rmsd_mean,Endpoint spread,higher,9.225589922971503,0.9074029690902927,215
standard,cosine,25,CAMEO,Medium,Cosine,Cosine · standard,invalid_rate,Invalid rate,lower,0,0,215
standard,cosine,25,CAMEO,Medium,Cosine,Cosine · standard,infer_seconds_per_output,Seconds/output,lower,8.548084085857832,0.536373074344239,215
standard,cosine,25,CAMEO,Medium,Cosine,Cosine · standard,trajectory_plddt_mean_all_frames,Trajectory pLDDT,higher,90.60578114868868,0.8294839211574139,215
standard,sigmoid,25,CAMEO,Medium,Sigmoid,Sigmoid · standard,plddt_mean,pLDDT,higher,97.60854021116745,0.07172569711422597,215
standard,sigmoid,25,CAMEO,Medium,Sigmoid,Sigmoid · standard,diversity,Diversity,higher,8.67416209398314,0.9034613058684582,215
standard,sigmoid,25,CAMEO,Medium,Sigmoid,Sigmoid · standard,rmsd_mean,Endpoint spread,higher,8.67416209398314,0.9034613058684582,215
standard,sigmoid,25,CAMEO,Medium,Sigmoid,Sigmoid · standard,invalid_rate,Invalid rate,lower,0,0,215
standard,sigmoid,25,CAMEO,Medium,Sigmoid,Sigmoid · standard,infer_seconds_per_output,Seconds/output,lower,8.559620809336572,0.5370390238651427,215
standard,sigmoid,25,CAMEO,Medium,Sigmoid,Sigmoid · standard,trajectory_plddt_mean_all_frames,Trajectory pLDDT,higher,91.04102208266144,0.8230359013074577,215
standard,power_2,25,CAMEO,Medium,Power-2,Power-2 · standard,plddt_mean,pLDDT,higher,95.38366323071857,0.20776722759177135,215
standard,power_2,25,CAMEO,Medium,Power-2,Power-2 · standard,diversity,Diversity,higher,9.82183398146962,1.006636275497141,215
standard,power_2,25,CAMEO,Medium,Power-2,Power-2 · standard,rmsd_mean,Endpoint spread,higher,9.82183398146962,1.006636275497141,215
standard,power_2,25,CAMEO,Medium,Power-2,Power-2 · standard,invalid_rate,Invalid rate,lower,0,0,215
standard,power_2,25,CAMEO,Medium,Power-2,Power-2 · standard,infer_seconds_per_output,Seconds/output,lower,8.545209199007937,0.5355875630484686,215
standard,power_2,25,CAMEO,Medium,Power-2,Power-2 · standard,trajectory_plddt_mean_all_frames,Trajectory pLDDT,higher,89.01080553010452,1.0578691959498507,215
standard,linear,5,CAMEO,Large,Linear,Linear · standard,plddt_mean,pLDDT,higher,94.24355514735392,0.5191264142475585,73
standard,linear,5,CAMEO,Large,Linear,Linear · standard,diversity,Diversity,higher,10.369240110867644,1.4016615654485813,73
standard,linear,5,CAMEO,Large,Linear,Linear · standard,rmsd_mean,Endpoint spread,higher,10.369240110867644,1.4016615654485813,73
standard,linear,5,CAMEO,Large,Linear,Linear · standard,invalid_rate,Invalid rate,lower,0,0,73
standard,linear,5,CAMEO,Large,Linear,Linear · standard,infer_seconds_per_output,Seconds/output,lower,8.471808359288445,0.649231776468095,73
standard,linear,5,CAMEO,Large,Linear,Linear · standard,trajectory_plddt_mean_all_frames,Trajectory pLDDT,higher,89.28390290769812,0.8664311808209718,73
standard,entropic,5,CAMEO,Large,Entropic,Entropic · standard,plddt_mean,pLDDT,higher,94.77440082005091,0.46511473341021625,70
standard,entropic,5,CAMEO,Large,Entropic,Entropic · standard,diversity,Diversity,higher,10.24447522163391,1.4677922531084482,70
standard,entropic,5,CAMEO,Large,Entropic,Entropic · standard,rmsd_mean,Endpoint spread,higher,10.24447522163391,1.4677922531084482,70
standard,entropic,5,CAMEO,Large,Entropic,Entropic · standard,invalid_rate,Invalid rate,lower,0,0,70
standard,entropic,5,CAMEO,Large,Entropic,Entropic · standard,infer_seconds_per_output,Seconds/output,lower,8.483094046637415,0.6751718545685251,70
standard,entropic,5,CAMEO,Large,Entropic,Entropic · standard,trajectory_plddt_mean_all_frames,Trajectory pLDDT,higher,89.72148211887902,0.8236462294699785,70
standard,entropic_log1p,5,CAMEO,Large,Entropic-log1p,Entropic-log1p · standard,plddt_mean,pLDDT,higher,94.76974359239851,0.46589308924398276,70
standard,entropic_log1p,5,CAMEO,Large,Entropic-log1p,Entropic-log1p · standard,diversity,Diversity,higher,10.247777608462743,1.462125610940098,70
standard,entropic_log1p,5,CAMEO,Large,Entropic-log1p,Entropic-log1p · standard,rmsd_mean,Endpoint spread,higher,10.247777608462743,1.462125610940098,70
standard,entropic_log1p,5,CAMEO,Large,Entropic-log1p,Entropic-log1p · standard,invalid_rate,Invalid rate,lower,0,0,70
standard,entropic_log1p,5,CAMEO,Large,Entropic-log1p,Entropic-log1p · standard,infer_seconds_per_output,Seconds/output,lower,8.496188517373854,0.6769947677359723,70
standard,entropic_log1p,5,CAMEO,Large,Entropic-log1p,Entropic-log1p · standard,trajectory_plddt_mean_all_frames,Trajectory pLDDT,higher,89.72056706564763,0.8236821975405052,70
standard,cosine,5,CAMEO,Large,Cosine,Cosine · standard,plddt_mean,pLDDT,higher,96.00150296385858,0.36146901874093207,71
standard,cosine,5,CAMEO,Large,Cosine,Cosine · standard,diversity,Diversity,higher,9.813076207335566,1.4924301171012686,71
standard,cosine,5,CAMEO,Large,Cosine,Cosine · standard,rmsd_mean,Endpoint spread,higher,9.813076207335566,1.4924301171012686,71
standard,cosine,5,CAMEO,Large,Cosine,Cosine · standard,invalid_rate,Invalid rate,lower,0,0,71
standard,cosine,5,CAMEO,Large,Cosine,Cosine · standard,infer_seconds_per_output,Seconds/output,lower,8.47162206778565,0.6649984688621707,71
standard,cosine,5,CAMEO,Large,Cosine,Cosine · standard,trajectory_plddt_mean_all_frames,Trajectory pLDDT,higher,89.70220939206405,0.8299365861468703,71
standard,sigmoid,5,CAMEO,Large,Sigmoid,Sigmoid · standard,plddt_mean,pLDDT,higher,97.87790361131941,0.17678063791497337,70
standard,sigmoid,5,CAMEO,Large,Sigmoid,Sigmoid · standard,diversity,Diversity,higher,7.924394765922002,1.3470088596019392,70
standard,sigmoid,5,CAMEO,Large,Sigmoid,Sigmoid · standard,rmsd_mean,Endpoint spread,higher,7.924394765922002,1.3470088596019392,70
standard,sigmoid,5,CAMEO,Large,Sigmoid,Sigmoid · standard,invalid_rate,Invalid rate,lower,0,0,70
standard,sigmoid,5,CAMEO,Large,Sigmoid,Sigmoid · standard,infer_seconds_per_output,Seconds/output,lower,8.493805351919894,0.6746841966598355,70
standard,sigmoid,5,CAMEO,Large,Sigmoid,Sigmoid · standard,trajectory_plddt_mean_all_frames,Trajectory pLDDT,higher,90.24909102303641,0.7851525777225753,70
standard,power_2,5,CAMEO,Large,Power-2,Power-2 · standard,plddt_mean,pLDDT,higher,92.62354763575962,0.6244842267211463,70
standard,power_2,5,CAMEO,Large,Power-2,Power-2 · standard,diversity,Diversity,higher,9.927729317120143,1.5347307920770292,70
standard,power_2,5,CAMEO,Large,Power-2,Power-2 · standard,rmsd_mean,Endpoint spread,higher,9.927729317120143,1.5347307920770292,70
standard,power_2,5,CAMEO,Large,Power-2,Power-2 · standard,invalid_rate,Invalid rate,lower,0,0,70
standard,power_2,5,CAMEO,Large,Power-2,Power-2 · standard,infer_seconds_per_output,Seconds/output,lower,8.483307469017538,0.6766381332552518,70
standard,power_2,5,CAMEO,Large,Power-2,Power-2 · standard,trajectory_plddt_mean_all_frames,Trajectory pLDDT,higher,88.38008225577221,0.9277873343779952,70
standard,linear,10,CAMEO,Large,Linear,Linear · standard,plddt_mean,pLDDT,higher,94.33726676081268,0.31951059724559083,71
standard,linear,10,CAMEO,Large,Linear,Linear · standard,diversity,Diversity,higher,12.180091501961291,1.5326795308949483,71
standard,linear,10,CAMEO,Large,Linear,Linear · standard,rmsd_mean,Endpoint spread,higher,12.180091501961291,1.5326795308949483,71
standard,linear,10,CAMEO,Large,Linear,Linear · standard,invalid_rate,Invalid rate,lower,0,0,71
standard,linear,10,CAMEO,Large,Linear,Linear · standard,infer_seconds_per_output,Seconds/output,lower,16.950581920064305,1.33194737332879,71
standard,linear,10,CAMEO,Large,Linear,Linear · standard,trajectory_plddt_mean_all_frames,Trajectory pLDDT,higher,90.58194654222945,0.7325606027336353,71
standard,entropic,10,CAMEO,Large,Entropic,Entropic · standard,plddt_mean,pLDDT,higher,95.21176493508476,0.24756546377762234,70
standard,entropic,10,CAMEO,Large,Entropic,Entropic · standard,diversity,Diversity,higher,12.085533244269234,1.5294905031161252,70
standard,entropic,10,CAMEO,Large,Entropic,Entropic · standard,rmsd_mean,Endpoint spread,higher,12.085533244269234,1.5294905031161252,70
standard,entropic,10,CAMEO,Large,Entropic,Entropic · standard,invalid_rate,Invalid rate,lower,0,0,70
standard,entropic,10,CAMEO,Large,Entropic,Entropic · standard,infer_seconds_per_output,Seconds/output,lower,16.99601651493992,1.3535675644423482,70
standard,entropic,10,CAMEO,Large,Entropic,Entropic · standard,trajectory_plddt_mean_all_frames,Trajectory pLDDT,higher,90.81726600374493,0.7101143146040809,70
standard,entropic_log1p,10,CAMEO,Large,Entropic-log1p,Entropic-log1p · standard,plddt_mean,pLDDT,higher,95.21616434369768,0.2462766296251521,70
standard,entropic_log1p,10,CAMEO,Large,Entropic-log1p,Entropic-log1p · standard,diversity,Diversity,higher,11.985209356035504,1.5358268824730787,70
standard,entropic_log1p,10,CAMEO,Large,Entropic-log1p,Entropic-log1p · standard,rmsd_mean,Endpoint spread,higher,11.985209356035504,1.5358268824730787,70
standard,entropic_log1p,10,CAMEO,Large,Entropic-log1p,Entropic-log1p · standard,invalid_rate,Invalid rate,lower,0,0,70
standard,entropic_log1p,10,CAMEO,Large,Entropic-log1p,Entropic-log1p · standard,infer_seconds_per_output,Seconds/output,lower,16.965576329900482,1.3494999212683716,70
standard,entropic_log1p,10,CAMEO,Large,Entropic-log1p,Entropic-log1p · standard,trajectory_plddt_mean_all_frames,Trajectory pLDDT,higher,90.81822877883913,0.7089786114563655,70
standard,cosine,10,CAMEO,Large,Cosine,Cosine · standard,plddt_mean,pLDDT,higher,97.11920392172676,0.13378239209433251,70
standard,cosine,10,CAMEO,Large,Cosine,Cosine · standard,diversity,Diversity,higher,10.743435076304845,1.4666278594740036,70
standard,cosine,10,CAMEO,Large,Cosine,Cosine · standard,rmsd_mean,Endpoint spread,higher,10.743435076304845,1.4666278594740036,70
standard,cosine,10,CAMEO,Large,Cosine,Cosine · standard,invalid_rate,Invalid rate,lower,0,0,70
standard,cosine,10,CAMEO,Large,Cosine,Cosine · standard,infer_seconds_per_output,Seconds/output,lower,17.001199813632827,1.3524914135293284,70
standard,cosine,10,CAMEO,Large,Cosine,Cosine · standard,trajectory_plddt_mean_all_frames,Trajectory pLDDT,higher,91.01860351290023,0.689667941650878,70
standard,sigmoid,10,CAMEO,Large,Sigmoid,Sigmoid · standard,plddt_mean,pLDDT,higher,97.95925595419747,0.07955036050823171,70
standard,sigmoid,10,CAMEO,Large,Sigmoid,Sigmoid · standard,diversity,Diversity,higher,9.636521502903529,1.4570951296676573,70
standard,sigmoid,10,CAMEO,Large,Sigmoid,Sigmoid · standard,rmsd_mean,Endpoint spread,higher,9.636521502903529,1.4570951296676573,70
standard,sigmoid,10,CAMEO,Large,Sigmoid,Sigmoid · standard,invalid_rate,Invalid rate,lower,0,0,70
standard,sigmoid,10,CAMEO,Large,Sigmoid,Sigmoid · standard,infer_seconds_per_output,Seconds/output,lower,16.969032275071367,1.3526173029922555,70
standard,sigmoid,10,CAMEO,Large,Sigmoid,Sigmoid · standard,trajectory_plddt_mean_all_frames,Trajectory pLDDT,higher,91.48833627428326,0.6612783714516216,70
standard,power_2,10,CAMEO,Large,Power-2,Power-2 · standard,plddt_mean,pLDDT,higher,94.93059172349818,0.4169529190300459,68
standard,power_2,10,CAMEO,Large,Power-2,Power-2 · standard,diversity,Diversity,higher,11.352636365329518,1.41220470354827,68
standard,power_2,10,CAMEO,Large,Power-2,Power-2 · standard,rmsd_mean,Endpoint spread,higher,11.352636365329518,1.41220470354827,68
standard,power_2,10,CAMEO,Large,Power-2,Power-2 · standard,invalid_rate,Invalid rate,lower,0,0,68
standard,power_2,10,CAMEO,Large,Power-2,Power-2 · standard,infer_seconds_per_output,Seconds/output,lower,17.051964770598502,1.3871202588080853,68
standard,power_2,10,CAMEO,Large,Power-2,Power-2 · standard,trajectory_plddt_mean_all_frames,Trajectory pLDDT,higher,89.66174279381246,0.8280577545542738,68
standard,linear,25,CAMEO,Large,Linear,Linear · standard,plddt_mean,pLDDT,higher,94.22965374798842,0.12692789824522527,71
standard,linear,25,CAMEO,Large,Linear,Linear · standard,diversity,Diversity,higher,12.556144794947665,1.5945942430216824,71
standard,linear,25,CAMEO,Large,Linear,Linear · standard,rmsd_mean,Endpoint spread,higher,12.556144794947665,1.5945942430216824,71
standard,linear,25,CAMEO,Large,Linear,Linear · standard,invalid_rate,Invalid rate,lower,0,0,71
standard,linear,25,CAMEO,Large,Linear,Linear · standard,infer_seconds_per_output,Seconds/output,lower,42.46239646393675,3.3348976849695626,71
standard,linear,25,CAMEO,Large,Linear,Linear · standard,trajectory_plddt_mean_all_frames,Trajectory pLDDT,higher,90.89486236572262,0.5763390851480191,71
standard,entropic,25,CAMEO,Large,Entropic,Entropic · standard,plddt_mean,pLDDT,higher,96.23136419568743,0.09076282963112767,70
standard,entropic,25,CAMEO,Large,Entropic,Entropic · standard,diversity,Diversity,higher,11.760142057282584,1.5809546050785843,70
standard,entropic,25,CAMEO,Large,Entropic,Entropic · standard,rmsd_mean,Endpoint spread,higher,11.760142057282584,1.5809546050785843,70
standard,entropic,25,CAMEO,Large,Entropic,Entropic · standard,invalid_rate,Invalid rate,lower,0,0,70
standard,entropic,25,CAMEO,Large,Entropic,Entropic · standard,infer_seconds_per_output,Seconds/output,lower,42.41081267200809,3.3662459968583756,70
standard,entropic,25,CAMEO,Large,Entropic,Entropic · standard,trajectory_plddt_mean_all_frames,Trajectory pLDDT,higher,91.13219358062744,0.5645377423214528,70
standard,entropic_log1p,25,CAMEO,Large,Entropic-log1p,Entropic-log1p · standard,plddt_mean,pLDDT,higher,96.2361668137943,0.09041355585790885,68
standard,entropic_log1p,25,CAMEO,Large,Entropic-log1p,Entropic-log1p · standard,diversity,Diversity,higher,11.676914337803336,1.6007303275832507,68
standard,entropic_log1p,25,CAMEO,Large,Entropic-log1p,Entropic-log1p · standard,rmsd_mean,Endpoint spread,higher,11.676914337803336,1.6007303275832507,68
standard,entropic_log1p,25,CAMEO,Large,Entropic-log1p,Entropic-log1p · standard,invalid_rate,Invalid rate,lower,0,0,68
standard,entropic_log1p,25,CAMEO,Large,Entropic-log1p,Entropic-log1p · standard,infer_seconds_per_output,Seconds/output,lower,42.6345128632041,3.4611293457471426,68
standard,entropic_log1p,25,CAMEO,Large,Entropic-log1p,Entropic-log1p · standard,trajectory_plddt_mean_all_frames,Trajectory pLDDT,higher,91.08889284358307,0.5737112695807804,68
standard,cosine,25,CAMEO,Large,Cosine,Cosine · standard,plddt_mean,pLDDT,higher,96.45871012551444,0.08127684258854978,70
standard,cosine,25,CAMEO,Large,Cosine,Cosine · standard,diversity,Diversity,higher,10.897590167181832,1.477815196362973,70
standard,cosine,25,CAMEO,Large,Cosine,Cosine · standard,rmsd_mean,Endpoint spread,higher,10.897590167181832,1.477815196362973,70
standard,cosine,25,CAMEO,Large,Cosine,Cosine · standard,invalid_rate,Invalid rate,lower,0,0,70
standard,cosine,25,CAMEO,Large,Cosine,Cosine · standard,infer_seconds_per_output,Seconds/output,lower,42.42174936900847,3.371920942784615,70
standard,cosine,25,CAMEO,Large,Cosine,Cosine · standard,trajectory_plddt_mean_all_frames,Trajectory pLDDT,higher,91.29936363438195,0.5692795422890715,70
standard,sigmoid,25,CAMEO,Large,Sigmoid,Sigmoid · standard,plddt_mean,pLDDT,higher,96.73497507912772,0.06945574073429718,70
standard,sigmoid,25,CAMEO,Large,Sigmoid,Sigmoid · standard,diversity,Diversity,higher,10.285011894362313,1.365106215755085,70
standard,sigmoid,25,CAMEO,Large,Sigmoid,Sigmoid · standard,rmsd_mean,Endpoint spread,higher,10.285011894362313,1.365106215755085,70
standard,sigmoid,25,CAMEO,Large,Sigmoid,Sigmoid · standard,invalid_rate,Invalid rate,lower,0,0,70
standard,sigmoid,25,CAMEO,Large,Sigmoid,Sigmoid · standard,infer_seconds_per_output,Seconds/output,lower,42.49132378884325,3.3702302036484415,70
standard,sigmoid,25,CAMEO,Large,Sigmoid,Sigmoid · standard,trajectory_plddt_mean_all_frames,Trajectory pLDDT,higher,91.86993694196428,0.554584998678308,70
standard,power_2,25,CAMEO,Large,Power-2,Power-2 · standard,plddt_mean,pLDDT,higher,93.59430399808016,0.2369754477011309,66
standard,power_2,25,CAMEO,Large,Power-2,Power-2 · standard,diversity,Diversity,higher,12.040332454623599,1.3968182419708333,66
standard,power_2,25,CAMEO,Large,Power-2,Power-2 · standard,rmsd_mean,Endpoint spread,higher,12.040332454623599,1.3968182419708333,66
standard,power_2,25,CAMEO,Large,Power-2,Power-2 · standard,invalid_rate,Invalid rate,lower,0,0,66
standard,power_2,25,CAMEO,Large,Power-2,Power-2 · standard,infer_seconds_per_output,Seconds/output,lower,42.72598664551465,3.5633939632241516,66
standard,power_2,25,CAMEO,Large,Power-2,Power-2 · standard,trajectory_plddt_mean_all_frames,Trajectory pLDDT,higher,90.39257356585881,0.7206268752773577,66
